Item,Qty,CAD file,Description / Product ID,Manufacturer,Link URL,Subsystem (suggested),Material family,Specific material / grade,Notes,Page,Raw row text
1A1,1,1A1_back_plate,,,,,,,,2,1A1 1 1A1_back_plate
1A2,1,1A2_flange_schlieren_imaging,,,,,,,,2,1A2 1 1A2_flange_schlieren_imaging
1A3,1,1A3_mounting_plate_flow_rectifier,SM2A53 Adapter: External,,,,,,,2,1A3 1 1A3_mounting_plate_flow_rectifier SM2A53 Adapter: External
1A41,1,1A41_SM2A53-Step,"M52x0,75; Internal SM2 Threads",Thorlabs,https://www.thorlabs.com/thorproduct.cfm?partnumber=SM2A53,,,,,2,"1A41 1 1A41_SM2A53-Step Thorlabs M52x0,75; Internal SM2 Threads"
1A42,1,1A42_flange_schlieren_imaging,,,,,,,,2,1A42 1 1A42_flange_schlieren_imaging
1A51,1,1A51_seal,,Lisema,https://www.lisema.eu/,,,,,2,1A51 1 1A51_seal Lisema
1A52,1,1A52_cover,,,,,,,,2,1A52 1 1A52_cover
1B1,1,1B1_door_plate,,,,,,,,2,1B1 1 1B1_door_plate
1B2,1,1B2_handle,GN 328.5-140-B-GS,GanterNorm,https://www.ganternorm.com/de/produkte/1.2-Bedienen-mit-Maschinen-und-Geraetegriffen/Buegelgriffe/GN-328.5-Edelstahl-Buegelgriffe#l1%3Dc(120)%3BForm%3Du(5e72aa81-7282-4de6-aa3f-99d6b8e98e5d)%3BOberfl%C3%A4che%3Du(5ac173de-c979-4e10-ab22-480f0ce07560),,,,,2,1B2 1 1B2_handle GN 328.5-140-B-GS GanterNorm
1B3,1,1B3_flange_schlieren_imaging,,,,,,,,2,1B3 1 1B3_flange_schlieren_imaging
1B41,1,1B41_glas,,Laservision,,,,,,2,1B41 1 1B41_glas Laservision
1B42,2,1B42_seal,,Lisema,https://www.lisema.eu/,,,,,2,1B42 2 1B42_seal Lisema
1B43,1,1B43_frame,SM2A53 Adapter: External,,,,,,,2,1B43 1 1B43_frame SM2A53 Adapter: External
1B51,1,1B51_SM2A53-Step,"M52x0,75; Internal SM2 Threads",Thorlabs,https://www.thorlabs.com/thorproduct.cfm?partnumber=SM2A53,,,,,2,"1B51 1 1B51_SM2A53-Step Thorlabs M52x0,75; Internal SM2 Threads"
1B52,1,1B52_flange_schlieren_imaging,,,,,,,,2,1B52 1 1B52_flange_schlieren_imaging
1B61,1,1B61_seal,,Lisema,https://www.lisema.eu/,,,,,2,1B61 1 1B61_seal Lisema
1B62,1,1B62_cover,"GN 820.2-Toggle clamps, Type MFC, U-bar version, with two",,,,,,,2,"1B62 1 1B62_cover GN 820.2-Toggle clamps, Type MFC, U-bar version, with two"
1C0,2,1C0_clamp_GN 820_2-230-MFC,flanged washers and GN spindle assembly,GanterNorm,https://www.ganternorm.com/de/produkte/2.4-Spannen-mit-Spannmechanik/Schnellspanner/GN-853-Edelstahl-Verschlussspanner-mit-Verriegelung#Gr%C3%B6%C3%9Fe%3Di(160)%3BForm%3Du(bec5acdb-2fc0-4cf4-9459-a053043062c1)%3BWerkstoff%3Du(4ffaa763-f739-4917-9edb-5c7ca96d4057),,,,,2,1C0 2 1C0_clamp_GN 820_2-230-MFC GanterNorm flanged washers and GN spindle assembly
1D1,2,1D1_part_1,door hinge,Pfeiffer Vacuum,,,,,,2,1D1 2 1D1_part_1 door hinge Pfeiffer Vacuum
1D2,2,1D2_part_2,door hinge,Pfeiffer Vacuum,,,,,,2,1D2 2 1D2_part_2 door hinge Pfeiffer Vacuum
1D3,2,1D3_part_3,door hinge,Pfeiffer Vacuum,,,,,,2,1D3 2 1D3_part_3 door hinge Pfeiffer Vacuum
1E,2,1E_adapter_hinge,,,,,,,,2,1E 2 1E_adapter_hinge
2A1,1,2A1_bottom,,,,,,,,3,2A1 1 2A1_bottom
2A2,1,2A2_back_plate,,,,,,,,3,2A2 1 2A2_back_plate
2A3,1,2A3_slide_HGL15CA2R600Z0H_part_1,linear guide slide,Hiwin,https://www.hiwin.de/de/Produkte/Profilschienenf%C3%BChrungen/Auswahl-%C3%BCber-Laufwagen/Baureihe-HG-QH/HGL/HGL15CAZ0H/p/5-001374,,,,,3,2A3 1 2A3_slide_HGL15CA2R600Z0H_part_1 linear guide slide Hiwin
2A4,3,2A4_slide_HGL15CA2R600Z0H_part_2,linear guide slide,Hiwin,https://www.hiwin.de/de/Produkte/Profilschienenf%C3%BChrungen/Auswahl-%C3%BCber-Laufwagen/Baureihe-HG-QH/HGL/HGL15CAZ0H/p/5-001374,,,,,3,2A4 3 2A4_slide_HGL15CA2R600Z0H_part_2 linear guide slide Hiwin
2A51,2,2A51_linear_guide_HGL15CA2R600Z0H,linear guide rail,Hiwin,https://www.hiwin.de/de/Produkte/Profilschienenf%C3%BChrungen/Auswahl-%C3%BCber-Profilschiene/HGR/HGR-R/HGR15R4000H/p/5-001920,,,,,3,2A51 2 2A51_linear_guide_HGL15CA2R600Z0H linear guide rail Hiwin
2A6,1,2A6_left_plate,,,,,,,,3,2A6 1 2A6_left_plate
2A7,1,2A7_right_plate,,,,,,,,3,2A7 1 2A7_right_plate
2A8,1,2A8_left_distance_piece,,,,,,,,3,2A8 1 2A8_left_distance_piece
2A9,1,2A9_right_distance_piece,,,,,,,,3,2A9 1 2A9_right_distance_piece
2AA,1,2AA_left_support_plate,,,,,,,,3,2AA 1 2AA_left_support_plate
2AB,1,2AB_right_support_plate,,,,,,,,3,2AB 1 2AB_right_support_plate
2AC1,1,2AC1_part_1,axis bearing bottom,,,,,,,3,2AC1 1 2AC1_part_1 axis bearing bottom
2AC2,1,2AC2_part_2,axis bearing bottom,,,,,,,3,2AC2 1 2AC2_part_2 axis bearing bottom
2AC3,1,2AC3_part_3,axis bearing bottom,,,,,,,3,2AC3 1 2AC3_part_3 axis bearing bottom
2AC4,1,2AC4_part_4,axis bearing bottom,,,,,,,3,2AC4 1 2AC4_part_4 axis bearing bottom
2AC5,1,2AC5_part_5,axis bearing bottom,,,,,,,3,2AC5 1 2AC5_part_5 axis bearing bottom
2AC6,1,2AC6_part_6,axis bearing bottom,,,,,,,3,2AC6 1 2AC6_part_6 axis bearing bottom
2AC7,1,2AC7_part_7,axis bearing bottom,,,,,,,3,2AC7 1 2AC7_part_7 axis bearing bottom
2AC8,1,2AC8_part_8,axis bearing bottom,,,,,,,3,2AC8 1 2AC8_part_8 axis bearing bottom
2AC9,1,2AC9_part_9,axis bearing bottom,,,,,,,3,2AC9 1 2AC9_part_9 axis bearing bottom
2AD1,1,2AD1_part_1,axis bearing top,,,,,,,3,2AD1 1 2AD1_part_1 axis bearing top
2AD2,1,2AD2_part_2,axis bearing top,,,,,,,3,2AD2 1 2AD2_part_2 axis bearing top
2AD3,1,2AD3_part_3,axis bearing top,,,,,,,3,2AD3 1 2AD3_part_3 axis bearing top
2AD4,1,2AD4_part_4,axis bearing top,,,,,,,3,2AD4 1 2AD4_part_4 axis bearing top
2AD5,1,2AD5_part_5,axis bearing top,,,,,,,3,2AD5 1 2AD5_part_5 axis bearing top
2AD6,1,2AD6_part_6,axis bearing top,,,,,,,3,2AD6 1 2AD6_part_6 axis bearing top
2AD7,1,2AD7_part_7,axis bearing top,,,,,,,3,2AD7 1 2AD7_part_7 axis bearing top
2AD8,1,2AD8_part_8,axis bearing top,,,,,,,3,2AD8 1 2AD8_part_8 axis bearing top
2AD9,1,2AD9_part_9,axis bearing top,,,,,,,3,2AD9 1 2AD9_part_9 axis bearing top
2ADA,1,2ADA_part_A,axis bearing top,,,,,,,3,2ADA 1 2ADA_part_A axis bearing top
2ADB,1,2ADB_part_B,axis bearing top,,,,,,,3,2ADB 1 2ADB_part_B axis bearing top
2ADC,1,2ADC_part_C,axis bearing top S5/0500 K+C glass scale S5 -,,,,,,,3,2ADC 1 2ADC_part_C axis bearing top S5/0500 K+C glass scale S5 -
2AE,1,2AE_glass_scale_slide,measuring range 520 mm: slide S5/0500 K+C glass scale S5 -,K+C,https://www.kuc-maschinen.de/produkt/linear-glasmassstaebe/,,,,,3,2AE 1 2AE_glass_scale_slide K+C measuring range 520 mm: slide S5/0500 K+C glass scale S5 -
2AF1,1,2AF1_track,measuring range 520 mm: track,K+C,https://www.kuc-maschinen.de/produkt/linear-glasmassstaebe/,,,,,3,2AF1 1 2AF1_track K+C measuring range 520 mm: track
2AG,1,2AG_cover_plate,,,,,,,,3,2AG 1 2AG_cover_plate
2AH,1,2AH_connection_mount,"R16-05T3-DEB-401-490- 0,023+E1_S21-10+E2_S11-",,,,,,,3,"2AH 1 2AH_connection_mount R16-05T3-DEB-401-490- 0,023+E1_S21-10+E2_S11-"
2AI,1,2AI_connection_axis,10+MR_E2_FILE_1: connection axis R16-05T3-DEB-401-490-,Karl Hipp GmbH,https://www.karl-hipp.de/produkte/praezisionskugelgewindetriebe/nenndurchmesser-16mm/16-04/item/kgt-f1-16-04,,,,,3,2AI 1 2AI_connection_axis Karl Hipp GmbH 10+MR_E2_FILE_1: connection axis R16-05T3-DEB-401-490-
2AJ1,1,2AJ1_axis,"0,023+E1_S21-10+E2_S11- 10+MR_E2_FILE_1: axis",Karl Hipp GmbH,https://www.karl-hipp.de/produkte/praezisionskugelgewindetriebe/nenndurchmesser-16mm/16-04/item/kgt-f1-16-04,,,,,3,"2AJ1 1 2AJ1_axis 0,023+E1_S21-10+E2_S11- Karl Hipp GmbH 10+MR_E2_FILE_1: axis 3"
2AK1,4,2AK1_kinematic_bar,and hardened L = 400 mm,Dold Mechatronik,https://www.dold-mechatronik.de/Praezisionswelle-16mm-h6-geschliffen-und-gehaertet-ZUSCHNITT-bis-1200mm-1800-EUR-m-025-EUR-pro-Schnitt,,,,,4,2AK1 4 2AK1_kinematic_bar Dold Mechatronik and hardened L = 400 mm
2AL1,1,2AL1_gearbox_8GA40-060--025S2PF,8GA40-060--025S2PF,B&R,https://www.br-automation.com/product/80SD100XD.C044-01,,,,,4,2AL1 1 2AL1_gearbox_8GA40-060--025S2PF 8GA40-060--025S2PF B&R
2AL211,1,2AL211_motor,80MPF5.500D114-01_2 elastomer jaw coupling GN 2240-,B&R,https://www.br-automation.com/en/products/80mpf5500d114-01/,,,,,4,2AL211 1 2AL211_motor 80MPF5.500D114-01_2 B&R elastomer jaw coupling GN 2240-
2AM1,1,2AM1_part_1,30-B8-14-AL-WS-1 elastomer jaw coupling GN 2240-,Ganternorm,https://www.ganternorm.com/de/produkte/3.6-Bewegen-Uebertragen-mit-Wellen-und-Gelenken/Wellenkupplungen/GN-2240-Elastomer-Klauenkupplungen-mit-Klemmnabe#Werkstoff%3Du(b8c35298-9aba-4143-ba51-0f6786b9aaa3)%3BBohrungskennzeichnung%3Du(3f3cf7dd-6770-422d-ad18-23ffeeca0972)%3BH%C3%A4rte%3Du(a3830bd0-c2bd-4c30-ae0a-b3680627ad9a)%3Bd2%3Dc(3)%3Bd3%3Dc(3)%3Bd1%3Dc(14),,,,,4,2AM1 1 2AM1_part_1 Ganternorm 30-B8-14-AL-WS-1 elastomer jaw coupling GN 2240-
2AM2,1,2AM2_part_2,30-B8-14-AL-WS-1,Ganternorm,https://www.ganternorm.com/de/produkte/3.6-Bewegen-Uebertragen-mit-Wellen-und-Gelenken/Wellenkupplungen/GN-2240-Elastomer-Klauenkupplungen-mit-Klemmnabe#Werkstoff%3Du(b8c35298-9aba-4143-ba51-0f6786b9aaa3)%3BBohrungskennzeichnung%3Du(3f3cf7dd-6770-422d-ad18-23ffeeca0972)%3BH%C3%A4rte%3Du(a3830bd0-c2bd-4c30-ae0a-b3680627ad9a)%3Bd2%3Dc(3)%3Bd3%3Dc(3)%3Bd1%3Dc(14),,,,,4,2AM2 1 2AM2_part_2 Ganternorm 30-B8-14-AL-WS-1
2AN,1,2AN_motor_mount,,,,,,,,4,2AN 1 2AN_motor_mount
2AO1,1,2AO1_flange,,,,,,,,4,2AO1 1 2AO1_flange
2AO2,1,2AO2_guidance,,,,,,,,4,2AO2 1 2AO2_guidance
2AP1,1,2AP1_spring_plate,,,,,,,,4,2AP1 1 2AP1_spring_plate
2AP2,1,2AP2_assembly_plate,,,,,,,,4,2AP2 1 2AP2_assembly_plate
2AP3,1,2AP3_heating_plate,,,,,,,,4,2AP3 1 2AP3_heating_plate
2AP4,8,2AP4_bolt_DIN 7991 - M3x8,countersunk screw,,,,,,,4,2AP4 8 2AP4_bolt_DIN 7991 - M3x8 countersunk screw
2AP5,8,"2AP5_bolt_DIN 912 - M6x1x20x17,5",cylinder head cap screw,,,,,,,4,"2AP5 8 2AP5_bolt_DIN 912 - M6x1x20x17,5 cylinder head cap screw"
2AP6,1,2AP6_outer_seal,,Mercateo,,,,,,4,2AP6 1 2AP6_outer_seal Mercateo
2AP6,1,2AP6_inner_seal,,Mercateo,,,,,,4,2AP6 1 2AP6_inner_seal Mercateo
2AP7,1,2AP7_lifting_platform,Hexagon head bolts. Product,,,,,,,4,2AP7 1 2AP7_lifting_platform Hexagon head bolts. Product
2AP8,4,2AP8_bolt_DIN EN ISO 4016 - M6x40,grade C,,,,,,,4,2AP8 4 2AP8_bolt_DIN EN ISO 4016 - M6x40 grade C
2AP9,1,2AP9_spring_block_front,,,,,,,,4,2AP9 1 2AP9_spring_block_front
2APA,1,2APA_spring_block_right,,,,,,,,4,2APA 1 2APA_spring_block_right
2APB,1,2APB_spring_block_back,,,,,,,,4,2APB 1 2APB_spring_block_back
2APC,1,2APC_spring_block_left,,,,,,,,4,2APC 1 2APC_spring_block_left
2APD,1,2APD_temperature_sensor,EF9-EF9G-PT100-2L-5.0,Sensorshop 24,https://www.sensorshop24.de/temperaturfuehler-passiv/einschraubfuehler/einschraubtemperaturfuehler-mit-m6-gewinde-und-17mm-einbaulaenge?gclid=CjwKCAiA3pugBhAwEiwAWFzwdQBx2F7Mx5fSqYqBRL3cTjxoc6K1ZIkG89zC_WzhvPEmSCOVUAO9XRoCgmwQAvD_BwE,,,,,4,2APD 1 2APD_temperature_sensor EF9-EF9G-PT100-2L-5.0 Sensorshop 24
2APE,4,2APE_spacer_sleeve,,,,,,,,4,2APE 4 2APE_spacer_sleeve
2APF,4,2APF_shim_disk,,,,,,,,4,2APF 4 2APF_shim_disk
2APG,1,2APG_pressing_plate,,,,,,,,4,2APG 1 2APG_pressing_plate
2APH,1,2APH_felt_seal,,agrolager.de,,,,,,4,2APH 1 2APH_felt_seal agrolager.de
2API,1,2API_build_platform,,,,,,,,4,2API 1 2API_build_platform
2APJ,1,2APJ_inner_seal_guide,,,,,,,,4,2APJ 1 2APJ_inner_seal_guide
2APK1,1,2APK1_bottom,,,,,,,,4,2APK1 1 2APK1_bottom
2APK2,2,2APK2_front_back,,,,,,,,4,2APK2 2 2APK2_front_back
2APK3,2,2APK3_left_right,,,,,,,,4,2APK3 2 2APK3_left_right
2AQ,2,2AQ_inductive_sensor_mount,,,,,,,,4,2AQ 2 2AQ_inductive_sensor_mount
2AR,1,2AR_end_switch_sensor_top,,,,,,,,4,2AR 1 2AR_end_switch_sensor_top
2AS,1,2AS_end_switch_sensor_bottom,,,,,,,,4,2AS 1 2AS_end_switch_sensor_bottom
2AT2,2,2AT2_nut_M12x1,Nut M12 x 1 BALLUFF BES 516-356-S4-C_1:,,,,,,,4,2AT2 2 2AT2_nut_M12x1 Nut M12 x 1 BALLUFF BES 516-356-S4-C_1:
2AT3,1,2AT3_sensor,inductive sensor bottom,Balluff,https://www.balluff.com/de-de/products/BES01H6,,,,,4,2AT3 1 2AT3_sensor Balluff inductive sensor bottom
2AU2,2,2AU2_nut_M12x1,Nut M12 x 1 BALLUFF BES 516-356-S4-C_1:,,,,,,,4,2AU2 2 2AU2_nut_M12x1 Nut M12 x 1 BALLUFF BES 516-356-S4-C_1:
2AU3,1,2AU3_sensor,inductive sensor top,Balluff,https://www.balluff.com/de-de/products/BES01H6,,,,,4,2AU3 1 2AU3_sensor Balluff inductive sensor top
2AV1,10,"2AV1_DIN 912 - M5x0,8x30x22",cylinder head cap screw,,,,,,,4,"2AV1 10 2AV1_DIN 912 - M5x0,8x30x22 cylinder head cap screw"
2AV2,10,"2AV2_DIN 912 - M8x1,25x35x31,875",cylinder head cap screw,,,,,,,4,"2AV2 10 2AV2_DIN 912 - M8x1,25x35x31,875 cylinder head cap screw"
2AV3,30,"2AV3_DIN 912 - M8x1,25x40x28",cylinder head cap screw,,,,,,,4,"2AV3 30 2AV3_DIN 912 - M8x1,25x40x28 cylinder head cap screw"
2AV4,2,"2AV4_DIN 912 - M5x0,8x8x6",cylinder head cap screw,,,,,,,4,"2AV4 2 2AV4_DIN 912 - M5x0,8x8x6 cylinder head cap screw"
2AV5,18,"2AV5_DIN 912 - M8x1,25x50x28",cylinder head cap screw,,,,,,,4,"2AV5 18 2AV5_DIN 912 - M8x1,25x50x28 cylinder head cap screw"
2AV6,10,"2AV6_DIN 912 - M4x0,7x30x20",cylinder head cap screw,,,,,,,4,"2AV6 10 2AV6_DIN 912 - M4x0,7x30x20 cylinder head cap screw"
2AV7,8,"2AV7_DIN 912 - M4x0,7x25x23,25",cylinder head cap screw,,,,,,,4,"2AV7 8 2AV7_DIN 912 - M4x0,7x25x23,25 cylinder head cap screw 4"
2AV8,16,"2AV8_DIN 912 - M8x1x25x22,5",cylinder head cap screw,,,,,,,5,"2AV8 16 2AV8_DIN 912 - M8x1x25x22,5 cylinder head cap screw"
2AV9,5,"2AV9_DIN 912 - M6x1x16x13,5",cylinder head cap screw,,,,,,,5,"2AV9 5 2AV9_DIN 912 - M6x1x16x13,5 cylinder head cap screw"
2AVA,20,"2AVA_DIN 912 - M4x0,7x20x18,25",cylinder head cap screw,,,,,,,5,"2AVA 20 2AVA_DIN 912 - M4x0,7x20x18,25 cylinder head cap screw"
2AVB,12,2AVB_DIN 912 - M6x1x35x24,cylinder head cap screw,,,,,,,5,2AVB 12 2AVB_DIN 912 - M6x1x35x24 cylinder head cap screw
2AVC,4,"2AVC_DIN 912 - M8x1,25x20x16,875",cylinder head cap screw,,,,,,,5,"2AVC 4 2AVC_DIN 912 - M8x1,25x20x16,875 cylinder head cap screw"
3A,15,3-90,320RRB063-90,Pfeiffer Vacuum,https://www.pfeiffer-vacuum.com/global/de/shop/products/320RRB063_90,,,,,5,3A 15 320RRB063-90 Pfeiffer Vacuum 3-90
3B,1,3B_valve_ISO_K_DN63_310VEP063-01 3C_reduction_T_pipe_ISO_K_DN63_KF_,310VEP063,Pfeiffer Vacuum,https://www.pfeiffer-vacuum.com/global/de/shop/products/310VEP063_02,,,,,5,3B 1 3B_valve_ISO_K_DN63_310VEP063-01 310VEP063 Pfeiffer Vacuum 3C_reduction_T_pipe_ISO_K_DN63_KF_
3C,2,DN40_320RTR063-040 3D_ISO_KF_DN40_hose_connection_11,320RTR063-040,Pfeiffer Vacuum,https://www.pfeiffer-vacuum.com/global/de/shop/products/320RTR063_040,,,,,5,3C 2 320RTR063-040 Pfeiffer Vacuum DN40_320RTR063-040 3D_ISO_KF_DN40_hose_connection_11
3D,1,0ASC040-12 3E_seal_with_filter_ISO_KF_DN40_122Z,110ASC040-12,Pfeiffer Vacuum,https://www.pfeiffer-vacuum.com/global/de/shop/products/110ASC040_12,,,,,5,3D 1 110ASC040-12 Pfeiffer Vacuum 0ASC040-12 3E_seal_with_filter_ISO_KF_DN40_122Z
3E,2,RS040 3F_clamping_ring_ISO_KF_DN40_120BS,122ZRS040,Pfeiffer Vacuum,https://www.pfeiffer-vacuum.com/global/de/shop/products/122ZRS040,,,,,5,3E 2 122ZRS040 Pfeiffer Vacuum RS040 3F_clamping_ring_ISO_KF_DN40_120BS
3F,3,R040 3G_flexible_pipe_ISO_K_DN63_320SFK0,120BSR040,Pfeiffer Vacuum,https://www.pfeiffer-vacuum.com/global/de/shop/products/120BSR040,,,,,5,3F 3 120BSR040 Pfeiffer Vacuum R040 3G_flexible_pipe_ISO_K_DN63_320SFK0
3G,1,63-130,320SFK063,Pfeiffer Vacuum,https://www.pfeiffer-vacuum.com/global/de/shop/products/320SFK063_130,,,,,5,3G 1 320SFK063 Pfeiffer Vacuum 63-130
3H,1,3H_pipe_ISO_K_DN63,320RZS063,Pfeiffer Vacuum,https://www.pfeiffer-vacuum.com/global/de/shop/products/320RZS063,,,,,5,3H 1 3H_pipe_ISO_K_DN63 320RZS063 Pfeiffer Vacuum
3I,7,3I_pipe_ISO_K_DN63_320RZS063-176,320RZS063,Pfeiffer Vacuum,https://www.pfeiffer-vacuum.com/global/de/shop/products/320RZS063,,,,,5,3I 7 3I_pipe_ISO_K_DN63_320RZS063-176 320RZS063 Pfeiffer Vacuum
3J,2,3J_pipe_ISO_K_DN63_320RZS063 3K_flexible_pipe_ISO_K_DN63_320SWN,320RZS063,Pfeiffer Vacuum,https://www.pfeiffer-vacuum.com/global/de/shop/products/320RZS063,,,,,5,3J 2 3J_pipe_ISO_K_DN63_320RZS063 320RZS063 Pfeiffer Vacuum 3K_flexible_pipe_ISO_K_DN63_320SWN
3K,1,063-0250 3L_flexible_pipe_ISO_K_DN63_320SWN,320SFK063,Pfeiffer Vacuum,https://www.pfeiffer-vacuum.com/global/de/shop/products/320SFK063_130,,,,,5,3K 1 320SFK063 Pfeiffer Vacuum 063-0250 3L_flexible_pipe_ISO_K_DN63_320SWN
3L,1,063-0750 3M_pipe_ISO_K_DN63_320RZS063_L_2,320SFK063,Pfeiffer Vacuum,https://www.pfeiffer-vacuum.com/global/de/shop/products/320SFK063_130,,,,,5,3L 1 320SFK063 Pfeiffer Vacuum 063-0750 3M_pipe_ISO_K_DN63_320RZS063_L_2
3M,1,18,320RZS063,Pfeiffer Vacuum,https://www.pfeiffer-vacuum.com/global/de/shop/products/320RZS063,,,,,5,3M 1 320RZS063 Pfeiffer Vacuum 18
3N1,1,3N1_curvature_320SWN063,320SFK063: curvature,Pfeiffer Vacuum,https://www.pfeiffer-vacuum.com/global/de/shop/products/320SFK063_130,,,,,5,3N1 1 3N1_curvature_320SWN063 320SFK063: curvature Pfeiffer Vacuum
3N2,2,3N2_end_piece_320SWN063,320SFK063: end piece,Pfeiffer Vacuum,https://www.pfeiffer-vacuum.com/global/de/shop/products/320SFK063_130,,,,,5,3N2 2 3N2_end_piece_320SWN063 320SFK063: end piece Pfeiffer Vacuum
3O1,1,3O1_curvature_320SWN063,320SFK063: curvature,Pfeiffer Vacuum,https://www.pfeiffer-vacuum.com/global/de/shop/products/320SFK063_130,,,,,5,3O1 1 3O1_curvature_320SWN063 320SFK063: curvature Pfeiffer Vacuum
3O2,1,3O2_curvature_320SWN063,320SFK063: curvature,Pfeiffer Vacuum,https://www.pfeiffer-vacuum.com/global/de/shop/products/320SFK063_130,,,,,5,3O2 1 3O2_curvature_320SWN063 320SFK063: curvature Pfeiffer Vacuum
3O3,1,3O3_end_piece_320SWN063,320SFK063: end piece,Pfeiffer Vacuum,https://www.pfeiffer-vacuum.com/global/de/shop/products/320SFK063_130,,,,,5,3O3 1 3O3_end_piece_320SWN063 320SFK063: end piece Pfeiffer Vacuum
3O4,1,3O4_end_piece_320SWN063,320SFK063: end piece,Pfeiffer Vacuum,https://www.pfeiffer-vacuum.com/global/de/shop/products/320SFK063_130,,,,,5,3O4 1 3O4_end_piece_320SWN063 320SFK063: end piece Pfeiffer Vacuum
3P1,1,3P1_cyclone_separator,,,,,,,,5,3P1 1 3P1_cyclone_separator
3P2,2,3P2_flange_ISO_K_DN63,320FAN063-76,Pfeiffer Vacuum,https://www.pfeiffer-vacuum.com/global/de/shop/products/320FAN063_76,,,,,5,3P2 2 3P2_flange_ISO_K_DN63 320FAN063-76 Pfeiffer Vacuum
3P3,1,3P3_valve_ISO_K_DN63_310VEP063-01,310VEP063,Pfeiffer Vacuum,https://www.pfeiffer-vacuum.com/global/de/shop/products/310VEP063_02,,,,,5,3P3 1 3P3_valve_ISO_K_DN63_310VEP063-01 310VEP063 Pfeiffer Vacuum
3P4,1,3P4_filter_ISO_K_DN63_CSL-357y2-K 3P5_reduction_ISO_K_DN100_DN63_32,PK Z60 511 A,Pfeiffer Vacuum,https://www.pfeiffer-vacuum.com/global/de/shop/products/PK_Z60_511_A,,,,,5,3P4 1 3P4_filter_ISO_K_DN63_CSL-357y2-K PK Z60 511 A Pfeiffer Vacuum 3P5_reduction_ISO_K_DN100_DN63_32
3P5,1,0RRK100-063-63,320RRK100-063-63,Pfeiffer Vacuum,https://www.pfeiffer-vacuum.com/global/de/shop/products/320RRK100_063_63,,,,,5,3P5 1 320RRK100-063-63 Pfeiffer Vacuum 0RRK100-063-63
3P6,1,3P6_powder_container_2_liter,,AMPROVED,https://www.amproved.com/amproved-produkte1/powder-container-2l.html,,,,,5,3P6 1 3P6_powder_container_2_liter AMPROVED 5
3P7,1,3P7_reduction_ISO_K_DN63_KF_DN40,320RRK063-040-63,Pfeiffer Vacuum,https://www.pfeiffer-vacuum.com/global/de/shop/products/320RRK063_040_63,,,,,6,3P7 1 3P7_reduction_ISO_K_DN63_KF_DN40 320RRK063-040-63 Pfeiffer Vacuum
3Q1,1,3Q1_pipe_ISO_K_DN100_320RZS100 3Q2_angle_pipe_ISO_K_DN100_320RRB,320RZS100,Pfeiffer Vacuum,https://www.pfeiffer-vacuum.com/global/de/shop/products/320RZS100,,,,,6,3Q1 1 3Q1_pipe_ISO_K_DN100_320RZS100 320RZS100 Pfeiffer Vacuum 3Q2_angle_pipe_ISO_K_DN100_320RRB
3Q2,1,100-90,320RRB100-90,Pfeiffer Vacuum,https://www.pfeiffer-vacuum.com/global/de/shop/products/320RRB100_90,,,,,6,3Q2 1 320RRB100-90 Pfeiffer Vacuum 100-90
3Q3,2,3Q3_seal_ISO_K_DN100_311ZRA100,311ZRA100,Pfeiffer Vacuum,https://www.pfeiffer-vacuum.com/global/de/shop/products/311ZRA100,,,,,6,3Q3 2 3Q3_seal_ISO_K_DN100_311ZRA100 311ZRA100 Pfeiffer Vacuum
3Q4,8,3Q4_clamp_ISO_K_DN100_320BKL250,320BKL250,Pfeiffer Vacuum,https://www.pfeiffer-vacuum.com/global/de/shop/products/320BKL250,,,,,6,3Q4 8 3Q4_clamp_ISO_K_DN100_320BKL250 320BKL250 Pfeiffer Vacuum
3Q5,4,3Q5_clamp_ISO_K_DN100_350BPD100,350BPD100,Pfeiffer Vacuum,https://www.pfeiffer-vacuum.com/global/de/shop/products/350BPD100,,,,,6,3Q5 4 3Q5_clamp_ISO_K_DN100_350BPD100 350BPD100 Pfeiffer Vacuum
3R1,4,3R1_clamp_ISO_K_DN63_350BPD100,350BPD100,Pfeiffer Vacuum,https://www.pfeiffer-vacuum.com/global/de/shop/products/350BPD100,,,,,6,3R1 4 3R1_clamp_ISO_K_DN63_350BPD100 350BPD100 Pfeiffer Vacuum
3R2,1,3R2_seal_ISO_K_DN63_311ZRA063,311ZRA063,Pfeiffer Vacuum,https://www.pfeiffer-vacuum.com/global/de/shop/products/311ZRA063,,,,,6,3R2 1 3R2_seal_ISO_K_DN63_311ZRA063 311ZRA063 Pfeiffer Vacuum
3S1,1,3S1_flange,,,,,,,,6,3S1 1 3S1_flange
3S2,2,3S2_mount,,,,,,,,6,3S2 2 3S2_mount
3S31,1,3S31_part_1,gas outlet pipe: part 1,,,,,,,6,3S31 1 3S31_part_1 gas outlet pipe: part 1
3S32,1,3S32_part_2,gas outlet pipe: part 2,,,,,,,6,3S32 1 3S32_part_2 gas outlet pipe: part 2
3S33,1,3S33_part_3,gas outlet pipe: part 3,,,,,,,6,3S33 1 3S33_part_3 gas outlet pipe: part 3
3S34,1,3S34_part_4,gas outlet pipe: part 4,,,,,,,6,3S34 1 3S34_part_4 gas outlet pipe: part 4
3S35,1,3S35_part_5,gas outlet pipe: part 5,,,,,,,6,3S35 1 3S35_part_5 gas outlet pipe: part 5
3S41,1,3S41_part_1,gas outlet: part 1,,,,,,,6,3S41 1 3S41_part_1 gas outlet: part 1
3S42,1,3S42_part_2,gas outlet: part 2,,,,,,,6,3S42 1 3S42_part_2 gas outlet: part 2
3S43,1,3S43_part_3,gas outlet: part 3,,,,,,,6,3S43 1 3S43_part_3 gas outlet: part 3
3S44,1,3S44_part_4,gas outlet: part 4,,,,,,,6,3S44 1 3S44_part_4 gas outlet: part 4
3S45,1,3S45_part_5,gas outlet: part 5,,,,,,,6,3S45 1 3S45_part_5 gas outlet: part 5
3S46,1,3S46_part_6,gas outlet: part 6,,,,,,,6,3S46 1 3S46_part_6 gas outlet: part 6
3S47,1,3S47_part_7,gas outlet: part 7,,,,,,,6,3S47 1 3S47_part_7 gas outlet: part 7
3S48,1,3S48_part_8,gas outlet: part 8,,,,,,,6,3S48 1 3S48_part_8 gas outlet: part 8
3T,1,3T_diffusor,,,,,,,,6,3T 1 3T_diffusor
3U,1,3U_flow_rectifier,,,,,,,,6,3U 1 3U_flow_rectifier
3V,1,3V_gas_in_top,FCX-TR0025 amperometric,,,,,,,6,3V 1 3V_gas_in_top FCX-TR0025 amperometric
3W,1,3W_dummy_oxygen_sensor_FCX-TR,oxygen (O2) gas transmitter valve sv04_din_cc_dn40_-,Angst + Pfister,https://sensorsandpower.angst-pfister.com/de/produkte/gassensoren/produkt/fcx-tr0025-amperometric-oxygen-o2-gas-transmitter/,,,,,6,3W 1 3W_dummy_oxygen_sensor_FCX-TR Angst + Pfister oxygen (O2) gas transmitter valve sv04_din_cc_dn40_-
3X1,1,3X1_valve_part_1,_aisi_316l-1_4404_-_epdm: part 1 valve sv04_din_cc_dn40_-,AMPROVED,https://www.amproved.com/amproved-produkte1/iso-kf-dn-40-scheibenventil.html,,,,,6,3X1 1 3X1_valve_part_1 _aisi_316l-1_4404_-_epdm: part AMPROVED 1 valve sv04_din_cc_dn40_-
3X2,1,3X2_valve_part_2,_aisi_316l-1_4404_-_epdm: part 2 valve sv04_din_cc_dn40_-,AMPROVED,https://www.amproved.com/amproved-produkte1/iso-kf-dn-40-scheibenventil.html,,,,,6,3X2 1 3X2_valve_part_2 _aisi_316l-1_4404_-_epdm: part AMPROVED 2 valve sv04_din_cc_dn40_-
3X3,1,3X3_valve_part_3,_aisi_316l-1_4404_-_epdm: part 3,AMPROVED,https://www.amproved.com/amproved-produkte1/iso-kf-dn-40-scheibenventil.html,,,,,6,3X3 1 3X3_valve_part_3 _aisi_316l-1_4404_-_epdm: part AMPROVED 3
6A,1,6A_conveyor_belt,,zahriemen24.de,,,,,,8,6A 1 6A_conveyor_belt zahriemen24.de
6B1,1,6B1_gliding_surface,,,,,,,,8,6B1 1 6B1_gliding_surface
6B2,1,6B2_ceramic_pole,,,,,,,,8,6B2 1 6B2_ceramic_pole
6B3,1,6B3_glue,,,,,,,,8,6B3 1 6B3_glue
6C1,1,6C1_blade,,,,,,,,8,6C1 1 6C1_blade
6C2,1,6C2_blade_mount_part_1,,,,,,,,8,6C2 1 6C2_blade_mount_part_1
6C3,1,6C3_blade_mount_part_2,,,,,,,,8,6C3 1 6C3_blade_mount_part_2
6C5,1,6C5_blade_extension,,,,,,,,8,6C5 1 6C5_blade_extension
6D,1,6D_rod_sleeve,,,,,,,,8,6D 1 6D_rod_sleeve
6E1,1,6E1_plate_left,,,,,,,,8,6E1 1 6E1_plate_left
6E2,1,6E2_plate_right,,,,,,,,8,6E2 1 6E2_plate_right
6E3,1,6E3_plate_front,,,,,,,,8,6E3 1 6E3_plate_front
6E4,1,6E4_plate_back,,,,,,,,8,6E4 1 6E4_plate_back
6F,4,6F_powder_container_extension_back,,,,,,,,8,6F 4 6F_powder_container_extension_back
6G,1,6G_powder_container_extension_front,,,,,,,,8,6G 1 6G_powder_container_extension_front
6H1,1,6H1_powder_chute,,,,,,,,8,6H1 1 6H1_powder_chute
6H2,1,6H2_seal_top,,Lisema,https://www.lisema.eu/,,,,,8,6H2 1 6H2_seal_top Lisema
6H3,1,6H3_brush_seal_bottom,,Mink Bürsten,https://mink-buersten.com/konfigurator/?id_artikelkategorie=275,,,,,8,6H3 1 6H3_brush_seal_bottom Mink Bürsten
6I,1,6I_clamping_plate_front,,,,,,,,8,6I 1 6I_clamping_plate_front
6J,1,6J_clamping_plate_back,,,,,,,,8,6J 1 6J_clamping_plate_back
6K,1,6K_fixed_bearing_mount,,,,,,,,8,6K 1 6K_fixed_bearing_mount
6L,1,6L_floating_bearing_mount,,,,,,,,8,6L 1 6L_floating_bearing_mount
6M1,1,6M1_carriage_LEFG32-S-600N,linear guide top,SMC Pneumatics,https://www.smcpneumatics.com/LEFG32-S-600.html,,,,,8,6M1 1 6M1_carriage_LEFG32-S-600N linear guide top SMC Pneumatics
6M2,1,6M2_rail_LEFG32-S-600N,linear guide top,SMC Pneumatics,https://www.smcpneumatics.com/LEFG32-S-600.html,,,,,8,6M2 1 6M2_rail_LEFG32-S-600N linear guide top SMC Pneumatics
6N1,6,6N1_carriage_LEFS32REA-600N,linear guide back,SMC Pneumatics,https://www.smcpneumatics.com/lefs32rea-600bk.html,,,,,8,6N1 6 6N1_carriage_LEFS32REA-600N linear guide back SMC Pneumatics
6N2,6,6N2_rail_LEFS32REA-600N,linear guide back,SMC Pneumatics,https://www.smcpneumatics.com/lefs32rea-600bk.html,,,,,8,6N2 6 6N2_rail_LEFS32REA-600N linear guide back SMC Pneumatics
6O,6,6O_belt_pulley_GT2_8mm_20_teeth,,youprintin3d.de,https://youprintin3d.de/hardware/riemen-und-pulleys/gt2/580/gt2-pulley-20zaehne-8mm-bohrung.html,,,,,8,6O 6 6O_belt_pulley_GT2_8mm_20_teeth youprintin3d.de
6P,6,6P_belt_pulley_without_teeth,,youprintin3d.de,https://youprintin3d.de/hardware/riemen-und-pulleys/gt2/580/gt2-pulley-20zaehne-8mm-bohrung.html,,,,,8,6P 6 6P_belt_pulley_without_teeth youprintin3d.de
6Q,9,6Q_mount_belt_pulley_without_teeth,,,,,,,,8,6Q 9 6Q_mount_belt_pulley_without_teeth 8
6R,3,6R_belt,,,,,,,,9,6R 3 6R_belt
6S1,1,6S1_support_1,motor mount,,,,,,,9,6S1 1 6S1_support_1 motor mount
6S2,1,6S2_support_2,motor mount,,,,,,,9,6S2 1 6S2_support_2 motor mount
6S3,1,6S3_bent_part,motor mount,,,,,,,9,6S3 1 6S3_bent_part motor mount
6T,1,6T_motor_Nema_23 6U_belt_pulley_motor_GT2_Bore6p35_20,,reichelt elektronik,https://www.reichelt.de/de/de/schrittmotor-nema-23-1-8-1-0-a-6-5-v-nema23-05-p335326.html?PROVID=2789&msclkid=b4bbcdd3d6b414c32dd1ab210a71467d&utm_source=bing&utm_medium=cpc&utm_campaign=(DE%3A%20All%20Products)%20Marge%201-10&utm_term=4575755099603094&utm_content=Ad%20group%20%231&&r=1,,,,,9,6T 1 6T_motor_Nema_23 reichelt elektronik 6U_belt_pulley_motor_GT2_Bore6p35_20
6U,1,_teeth,,3VBELT,https://www.3vbelt.com/product/gt2-6mm-timing-belt-pulley-20-teeth/,,,,,9,6U 1 3VBELT _teeth
6V,3,6V_connection_motor_mount,,,,,,,,9,6V 3 6V_connection_motor_mount
6W,1,6W_connection_linear_guide_back,,,,,,,,9,6W 1 6W_connection_linear_guide_back
6X,1,6X_connection_linear_guide_top,,,,,,,,9,6X 1 6X_connection_linear_guide_top
6Y,1,6Y_spacer_11_mm,,,,,,,,9,6Y 1 6Y_spacer_11_mm
8A,1,8A_seal_ISO_KF_DN16,112ZRG016,Pfeiffer Vacuum,https://www.pfeiffer-vacuum.com/global/de/shop/products/112ZRG016,,,,,9,8A 1 8A_seal_ISO_KF_DN16 112ZRG016 Pfeiffer Vacuum
8B,5,8B_angle_pipe_ISO_KF_DN40,110RRB040-90,Pfeiffer Vacuum,https://www.pfeiffer-vacuum.com/global/de/shop/products/110RRB040_90,,,,,9,8B 5 8B_angle_pipe_ISO_KF_DN40 110RRB040-90 Pfeiffer Vacuum
8C1,1,8C1_flexible_pipe,120SWG040-0500: flexible pipe,Pfeiffer Vacuum,https://www.pfeiffer-vacuum.com/global/de/shop/products/120SWG040_0500,,,,,9,8C1 1 8C1_flexible_pipe 120SWG040-0500: flexible pipe Pfeiffer Vacuum
8C2,2,8C2_end_piece,120SWG040-0500: end piece 120SWG040-0250: flexible pipe,Pfeiffer Vacuum,https://www.pfeiffer-vacuum.com/global/de/shop/products/120SWG040_0500,,,,,9,8C2 2 8C2_end_piece 120SWG040-0500: end piece Pfeiffer Vacuum 120SWG040-0250: flexible pipe
8D1,1,8D1_flexible_pipe_part_1,part 1 120SWG040-0250: flexible pipe,Pfeiffer Vacuum,https://www.pfeiffer-vacuum.com/global/de/shop/products/120SWG040_0250,,,,,9,8D1 1 8D1_flexible_pipe_part_1 Pfeiffer Vacuum part 1 120SWG040-0250: flexible pipe
8D2,1,8D2_flexible_pipe_part_2,part 2,Pfeiffer Vacuum,https://www.pfeiffer-vacuum.com/global/de/shop/products/120SWG040_0250,,,,,9,8D2 1 8D2_flexible_pipe_part_2 Pfeiffer Vacuum part 2
9A,1,9A_top_square_profile,,,,,,,,10,9A 1 9A_top_square_profile
9B,1,9B_profile_60x60_960,strut profile,Bosch Rexroth AG,https://store.boschrexroth.com/Montagetechnik/Mechanik-Grundelemente/Profile-und-Zubeh%C3%B6r/Strebenprofil?cclcl=de_DE,,,,,10,9B 1 9B_profile_60x60_960 strut profile Bosch Rexroth AG
9C,1,9C_top_spacer,,,,,,,,10,9C 1 9C_top_spacer 10
11,1,11_rack_chamber,,,,,,,,1,11 1 11_rack_chamber
12,1,12_flat_seal_back,6185: black silicone sealant,Liqui Moly,https://www.liqui-moly.com/de/de/silikondichtmasse-schwarz-p001435.html#6185,,,,,1,12 1 12_flat_seal_back 6185: black silicone sealant Liqui Moly
13,2,13_flat_seal_side,6185: black silicone sealant,Liqui Moly,https://www.liqui-moly.com/de/de/silikondichtmasse-schwarz-p001435.html#6185,,,,,1,13 2 13_flat_seal_side 6185: black silicone sealant Liqui Moly
14,2,14_flat_seal_top_bottom,6185: black silicone sealant,Liqui Moly,https://www.liqui-moly.com/de/de/silikondichtmasse-schwarz-p001435.html#6185,,,,,1,14 2 14_flat_seal_top_bottom 6185: black silicone sealant Liqui Moly
15,1,15_seal_door,,Lisema,https://www.lisema.eu/Moosgummiprofile_Halbrund,,,,,1,15 1 15_seal_door Lisema
17A1,2,17A1_strut_profile_20X20_492,strut profile,Bosch Rexroth AG,https://store.boschrexroth.com/Montagetechnik/Mechanik-Grundelemente/Profile-und-Zubeh%C3%B6r/Strebenprofil?cclcl=de_DE,,,,,1,17A1 2 17A1_strut_profile_20X20_492 strut profile Bosch Rexroth AG
17A2,3,17A2_strut_profile_20X20_629,strut profile,Bosch Rexroth AG,https://store.boschrexroth.com/Montagetechnik/Mechanik-Grundelemente/Profile-und-Zubeh%C3%B6r/Strebenprofil?cclcl=de_DE,,,,,1,17A2 3 17A2_strut_profile_20X20_629 strut profile Bosch Rexroth AG
17A3,1,17A3_strut_profile_20X20_135,strut profile,Bosch Rexroth AG,https://store.boschrexroth.com/Montagetechnik/Mechanik-Grundelemente/Profile-und-Zubeh%C3%B6r/Strebenprofil?cclcl=de_DE,,,,,1,17A3 1 17A3_strut_profile_20X20_135 strut profile Bosch Rexroth AG
17A4,2,17A4_strut_profile_20X20_463,strut profile,Bosch Rexroth AG,https://store.boschrexroth.com/Montagetechnik/Mechanik-Grundelemente/Profile-und-Zubeh%C3%B6r/Strebenprofil?cclcl=de_DE,,,,,1,17A4 2 17A4_strut_profile_20X20_463 strut profile Bosch Rexroth AG
17A5,1,17A5_strut_profile_20X20_484,strut profile,Bosch Rexroth AG,https://store.boschrexroth.com/Montagetechnik/Mechanik-Grundelemente/Profile-und-Zubeh%C3%B6r/Strebenprofil?cclcl=de_DE,,,,,1,17A5 1 17A5_strut_profile_20X20_484 strut profile Bosch Rexroth AG
17A6,1,17A6_strut_profile_20X20_D108,strut profile,Bosch Rexroth AG,https://store.boschrexroth.com/Montagetechnik/Mechanik-Grundelemente/Profile-und-Zubeh%C3%B6r/Strebenprofil?cclcl=de_DE,,,,,1,17A6 1 17A6_strut_profile_20X20_D108 strut profile Bosch Rexroth AG
17A7,1,17A7_strut_profile_20X20_D50,strut profile,Bosch Rexroth AG,https://store.boschrexroth.com/Montagetechnik/Mechanik-Grundelemente/Profile-und-Zubeh%C3%B6r/Strebenprofil?cclcl=de_DE,,,,,1,17A7 1 17A7_strut_profile_20X20_D50 strut profile Bosch Rexroth AG
17A8,1,17A8_strut_profile_20X20_D70,strut profile,Bosch Rexroth AG,https://store.boschrexroth.com/Montagetechnik/Mechanik-Grundelemente/Profile-und-Zubeh%C3%B6r/Strebenprofil?cclcl=de_DE,,,,,1,17A8 1 17A8_strut_profile_20X20_D70 strut profile Bosch Rexroth AG
17A9,1,17A9_strut_profile_20X20_343,strut profile,Bosch Rexroth AG,https://store.boschrexroth.com/Montagetechnik/Mechanik-Grundelemente/Profile-und-Zubeh%C3%B6r/Strebenprofil?cclcl=de_DE,,,,,1,17A9 1 17A9_strut_profile_20X20_343 strut profile Bosch Rexroth AG
17AA,2,17AA_strut_profile_20X20_271,strut profile,Bosch Rexroth AG,https://store.boschrexroth.com/Montagetechnik/Mechanik-Grundelemente/Profile-und-Zubeh%C3%B6r/Strebenprofil?cclcl=de_DE,,,,,1,17AA 2 17AA_strut_profile_20X20_271 strut profile Bosch Rexroth AG
17AB,6,17AB_strut_profile_20X20_473,strut profile,Bosch Rexroth AG,https://store.boschrexroth.com/Montagetechnik/Mechanik-Grundelemente/Profile-und-Zubeh%C3%B6r/Strebenprofil?cclcl=de_DE,,,,,1,17AB 6 17AB_strut_profile_20X20_473 strut profile Bosch Rexroth AG
17AC,1,17AC_strut_profile_20X20_296,strut profile,Bosch Rexroth AG,https://store.boschrexroth.com/Montagetechnik/Mechanik-Grundelemente/Profile-und-Zubeh%C3%B6r/Strebenprofil?cclcl=de_DE,,,,,1,17AC 1 17AC_strut_profile_20X20_296 strut profile Bosch Rexroth AG
17AD,2,17AD_strut_profile_20X20_110,strut profile,Bosch Rexroth AG,https://store.boschrexroth.com/Montagetechnik/Mechanik-Grundelemente/Profile-und-Zubeh%C3%B6r/Strebenprofil?cclcl=de_DE,,,,,1,17AD 2 17AD_strut_profile_20X20_110 strut profile Bosch Rexroth AG
17AE,2,17AE_strut_profile_20X20_604,strut profile,Bosch Rexroth AG,https://store.boschrexroth.com/Montagetechnik/Mechanik-Grundelemente/Profile-und-Zubeh%C3%B6r/Strebenprofil?cclcl=de_DE,,,,,1,17AE 2 17AE_strut_profile_20X20_604 strut profile Bosch Rexroth AG
17AF,1,17AF_handle,GN 328.5-140-B-GS,GanterNorm,https://www.ganternorm.com/de/produkte/1.2-Bedienen-mit-Maschinen-und-Geraetegriffen/Buegelgriffe/GN-328.5-Edelstahl-Buegelgriffe#l1%3Dc(120)%3BForm%3Du(5e72aa81-7282-4de6-aa3f-99d6b8e98e5d)%3BOberfl%C3%A4che%3Du(5ac173de-c979-4e10-ab22-480f0ce07560),,,,,1,17AF 1 17AF_handle GN 328.5-140-B-GS GanterNorm
17AG,2,17AG_profile_60x60_300,,,,,,,,1,17AG 2 17AG_profile_60x60_300
17AH,2,17AH_profile_60x60_350,,,,,,,,1,17AH 2 17AH_profile_60x60_350
17AI,2,17AI_hinge,,,,,,,,1,17AI 2 17AI_hinge
17AJ,1,17AJ_sheet_front,,,,,,,,1,17AJ 1 17AJ_sheet_front
17AK,1,17AK_sheet_top,,,,,,,,1,17AK 1 17AK_sheet_top
17AL,2,17AL_sheet_side,,,,,,,,1,17AL 2 17AL_sheet_side 1
17AM,1,17AM_sheet_back,,,,,,,,2,17AM 1 17AM_sheet_back
17AN,1,17AN_cover_sheet_hood_top,,,,,,,,2,17AN 1 17AN_cover_sheet_hood_top
17B,1,17B_dummy_oxygen_sensor_A19N,,Angst + Pfister,https://sensorsandpower.angst-pfister.com/en/products/gas/product/pza-mc25-n-potentiometric-zirconia-oxygen-o2-gas-sensor-module/,,,,,2,17B 1 17B_dummy_oxygen_sensor_A19N Angst + Pfister
21,1,21_seal_top,6185: black silicone sealant,Liqui Moly,https://www.liqui-moly.com/de/de/silikondichtmasse-schwarz-p001435.html#6185,,,,,2,21 1 21_seal_top 6185: black silicone sealant Liqui Moly
22,1,22_seal_bottom,6185: black silicone sealant,Liqui Moly,https://www.liqui-moly.com/de/de/silikondichtmasse-schwarz-p001435.html#6185,,,,,2,22 1 22_seal_bottom 6185: black silicone sealant Liqui Moly
23,2,23_seal_back_front,6185: black silicone sealant,Liqui Moly,https://www.liqui-moly.com/de/de/silikondichtmasse-schwarz-p001435.html#6185,,,,,2,23 2 23_seal_back_front 6185: black silicone sealant Liqui Moly
24,2,24_seal_left_right,6185: black silicone sealant,Liqui Moly,https://www.liqui-moly.com/de/de/silikondichtmasse-schwarz-p001435.html#6185,,,,,2,24 2 24_seal_left_right 6185: black silicone sealant Liqui Moly
25,1,25_frame_z_axis,,,,,,,,2,25 1 25_frame_z_axis
31,1,31_circulation_pump,G050508,Becker GmbH,https://www.becker-international.com/de/de/produkte/vakuumpumpen/seitenkanal-vakuumpumpen/sv201-einstufig.htm,,,,,5,31 1 31_circulation_pump G050508 Becker GmbH
34,2,050-060 35_clamping_ring_ISO_KF_DN50_120BS,170SFK050-060,Pfeiffer Vacuum,https://www.pfeiffer-vacuum.com/global/de/shop/products/170SFK050_060,,,,,5,34 2 170SFK050-060 Pfeiffer Vacuum 050-060 35_clamping_ring_ISO_KF_DN50_120BS
35,4,R050,120BSR050,Pfeiffer Vacuum,https://www.pfeiffer-vacuum.com/global/de/shop/products/120BSR050,,,,,5,35 4 120BSR050 Pfeiffer Vacuum R050
36,4,36_seal_ISO_KF_DN50 37_reduction_ISO_K_DN63_KF_DN50_3,172ZRG050,Pfeiffer Vacuum,https://www.pfeiffer-vacuum.com/global/de/shop/products/172ZRG050,,,,,5,36 4 36_seal_ISO_KF_DN50 172ZRG050 Pfeiffer Vacuum 37_reduction_ISO_K_DN63_KF_DN50_3
37,2,20RRG063-050-40,320RRG063-050-40,Pfeiffer Vacuum,https://www.pfeiffer-vacuum.com/global/de/shop/products/320RRG063_050_40,,,,,5,37 2 320RRG063-050-40 Pfeiffer Vacuum 20RRG063-050-40
38,1,38_T_pipe_ISO_K_DN63_320RTS063,320RTS063,Pfeiffer Vacuum,https://www.pfeiffer-vacuum.com/global/de/shop/products/320RTS063,,,,,5,38 1 38_T_pipe_ISO_K_DN63_320RTS063 320RTS063 Pfeiffer Vacuum
39,1,39_pipe_ISO_K_DN63 3A_angle_pipe_ISO_K_DN63_320RRB06,320RZS063,Pfeiffer Vacuum,https://www.pfeiffer-vacuum.com/global/de/shop/products/320RZS063,,,,,5,39 1 39_pipe_ISO_K_DN63 320RZS063 Pfeiffer Vacuum 3A_angle_pipe_ISO_K_DN63_320RRB06
41A,1,41A_belt_pulley_D12-575390,with 12 mm H7 bore with groove and threaded hole on groove,zahriemen24.de,,,,,,7,41A 1 41A_belt_pulley_D12-575390 with 12 mm H7 bore with groove zahriemen24.de and threaded hole on groove
41B,1,41B_timing_belt_340x10 41C_clamping_ring_ISO_KF_DN40_120B,10-AT5-340,zahriemen24.de,,,,,,7,41B 1 41B_timing_belt_340x10 10-AT5-340 zahriemen24.de 41C_clamping_ring_ISO_KF_DN40_120B
41C,2,SR040,120BSR040 Toothed belt pulley 21 AT5/18-2,Pfeiffer Vacuum,https://www.pfeiffer-vacuum.com/global/de/shop/products/120BSR040,,,,,7,41C 2 120BSR040 Pfeiffer Vacuum SR040 Toothed belt pulley 21 AT5/18-2
41D,2,41D_belt_pulley_D7-575457,with 7 mm H7 bore,zahriemen24.de,,,,,,7,41D 2 41D_belt_pulley_D7-575457 zahriemen24.de with 7 mm H7 bore
41E,1,41E_cover_drivetrain,,,,,,,,7,41E 1 41E_cover_drivetrain
42A,3,SR040,120BSR040,Pfeiffer Vacuum,https://www.pfeiffer-vacuum.com/global/de/shop/products/120BSR040,,,,,7,42A 3 120BSR040 Pfeiffer Vacuum SR040
42B,8,42B_clamp_ISO_K_DN100_320BKL250,320BKL250 valve sv04_din_cc_dn40_-,Pfeiffer Vacuum,https://www.pfeiffer-vacuum.com/global/de/shop/products/320BKL250,,,,,7,42B 8 42B_clamp_ISO_K_DN100_320BKL250 320BKL250 Pfeiffer Vacuum valve sv04_din_cc_dn40_-
42C1,1,42C1_valve_part_1,_aisi_316l-1_4404_-_epdm: part 1 valve sv04_din_cc_dn40_-,AMPROVED,https://www.amproved.com/amproved-produkte1/iso-kf-dn-40-scheibenventil.html,,,,,7,42C1 1 42C1_valve_part_1 _aisi_316l-1_4404_-_epdm: part AMPROVED 1 valve sv04_din_cc_dn40_-
42C2,1,42C2_valve_part_2,_aisi_316l-1_4404_-_epdm: part 2 valve sv04_din_cc_dn40_-,AMPROVED,https://www.amproved.com/amproved-produkte1/iso-kf-dn-40-scheibenventil.html,,,,,7,42C2 1 42C2_valve_part_2 _aisi_316l-1_4404_-_epdm: part AMPROVED 2 valve sv04_din_cc_dn40_-
42C3,1,42C3_valve_part_3,_aisi_316l-1_4404_-_epdm: part 3,AMPROVED,https://www.amproved.com/amproved-produkte1/iso-kf-dn-40-scheibenventil.html,,,,,7,42C3 1 42C3_valve_part_3 _aisi_316l-1_4404_-_epdm: part AMPROVED 3
51,1,51_dummy_scanner,AM-Module Next Gen,Raylase,https://www.raylase.de/_Resources/Persistent/4/9/b/7/49b7182a146725d34457ce6b213a228d737e26a8/RAYLASE_AM-MODUL NEXT GEN_en.pdf,,,,,7,51 1 51_dummy_scanner AM-Module Next Gen Raylase
61B,1,61B_countersunk_bolt_DIN 7991 - M5x30,countersunk screw,,,,,,,8,61B 1 61B_countersunk_bolt_DIN 7991 - M5x30 countersunk screw
62,2,62_bearing_DIN 625 SKF - SKF 61800,DIN 625 SKF - SKF 61800,SKF,https://www.skf.com/de/products/rolling-bearings/ball-bearings/deep-groove-ball-bearings/productid-61800,,,,,8,62 2 62_bearing_DIN 625 SKF - SKF 61800 DIN 625 SKF - SKF 61800 SKF
63,1,"63_retaining_ring_DIN 471 - 5x0,6",spring retaining ring,,,,,,,8,"63 1 63_retaining_ring_DIN 471 - 5x0,6 spring retaining ring"
64,1,"64_retaining_ring_DIN 471 - 8x0,8",spring retaining ring,,,,,,,8,"64 1 64_retaining_ring_DIN 471 - 8x0,8 spring retaining ring"
65,1,65_retaining_ring_DIN 471 - 10x1,spring retaining ring,,,,,,,8,65 1 65_retaining_ring_DIN 471 - 10x1 spring retaining ring
66,3,66_plate_front,,,,,,,,8,66 3 66_plate_front
67,1,67_plate_back,,,,,,,,8,67 1 67_plate_back
68,1,68_convex_crowned_shaft,,,,,,,,8,68 1 68_convex_crowned_shaft
69,1,69_deflection_shaft,,,,,,,,8,69 1 69_deflection_shaft
70,1,70_dummy_laser_beam_source,AFX - 1000,nLight,https://static1.squarespace.com/static/628d22a4cced8544470496fe/t/654533e22ca7ac1dafd952e0/1699034082388/nLIGHT_AFX_Series_Product_Sheet_30AUG2023+version+1.pdf,,,,,9,70 1 70_dummy_laser_beam_source AFX - 1000 nLight
81,1,81_vacuum_pump_Duo35,PK D45 602 E,Pfeiffer Vacuum,https://www.pfeiffer-vacuum.com/global/de/shop/products/PK_D45_602_E,,,,,9,81 1 81_vacuum_pump_Duo35 PK D45 602 E Pfeiffer Vacuum
82,10,82_seal_ISO_KF_DN40 83_clamping_ring_ISO_KF_DN40_120BS,,Wissel GmbH,https://wissel-vakuum.de/vakuum-bauteile/vakuum-bauteile-iso-kf/dichtungen/zentrierring/,,,,,9,82 10 82_seal_ISO_KF_DN40 Wissel GmbH 83_clamping_ring_ISO_KF_DN40_120BS
83,12,R040,120BSR040,Pfeiffer Vacuum,https://www.pfeiffer-vacuum.com/global/de/shop/products/120BSR040,,,,,9,83 12 120BSR040 Pfeiffer Vacuum R040
84,2,84_valve,PF A58 204,Pfeiffer Vacuum,https://www.pfeiffer-vacuum.com/global/de/shop/products/PF_A58_204,,,,,9,84 2 84_valve PF A58 204 Pfeiffer Vacuum
85,1,85_filter_ISO_KF_DN40_CSL-357y2-KF,PK Z60 510,Pfeiffer Vacuum,https://www.pfeiffer-vacuum.com/global/de/shop/products/PK_Z60_510,,,,,9,85 1 85_filter_ISO_KF_DN40_CSL-357y2-KF PK Z60 510 Pfeiffer Vacuum
86,1,86_T_pipe_ISO_KF_DN40 87_reduction_T_pipe_ISO_KF_DN40_DN,170RTS040,Pfeiffer Vacuum,https://www.pfeiffer-vacuum.com/global/de/shop/products/170RTS040,,,,,9,86 1 86_T_pipe_ISO_KF_DN40 170RTS040 Pfeiffer Vacuum 87_reduction_T_pipe_ISO_KF_DN40_DN
87,1,16,120RTR040-016,Pfeiffer Vacuum,https://www.pfeiffer-vacuum.com/global/de/shop/products/120RTR040_016,,,,,9,87 1 120RTR040-016 Pfeiffer Vacuum 16
88,1,88_pressure_gauge,PT T11 138 310,Pfeiffer Vacuum,https://www.pfeiffer-vacuum.com/global/de/shop/products/PT_T11_138_310,,,,,9,88 1 88_pressure_gauge PT T11 138 310 Pfeiffer Vacuum
89,1,89_clamping_ring_ISO_KF_DN16,120BSR016,Pfeiffer Vacuum,https://www.pfeiffer-vacuum.com/global/de/shop/products/120BSR016,,,,,9,89 1 89_clamping_ring_ISO_KF_DN16 120BSR016 Pfeiffer Vacuum
91A,8,2_80x80x5_670 91B_square_profile_DIN_EN_10219-,square hollow section,,,,,,,9,91A 8 square hollow section 2_80x80x5_670 91B_square_profile_DIN_EN_10219-
91B,1,2_80x80x5_700,square hollow section,,,,,,,9,91B 1 square hollow section 2_80x80x5_700
91C,3,91C_angle_profile_DIN_59370_50x5_200,sharp-edged L-profile,,,,,,,9,91C 3 91C_angle_profile_DIN_59370_50x5_200 sharp-edged L-profile
91D,8,91D_angle_profile_DIN_59370_50x5_810 91E_angle_profile_closed_DIN_59370_50,sharp-edged L-profile,,,,,,,9,91D 8 91D_angle_profile_DIN_59370_50x5_810 sharp-edged L-profile 91E_angle_profile_closed_DIN_59370_50
91E,1,x5,sharp-edged L-profile,,,,,,,9,91E 1 sharp-edged L-profile x5 9
91F1,1,2_80x80x5_150,square hollow section,,,,,,,10,91F1 1 square hollow section 2_80x80x5_150
91F2,3,91F2_plate_80x80x10_M12,,,,,,,,10,91F2 3 91F2_plate_80x80x10_M12
91G,1,91G_mount_top,,,,,,,,10,91G 1 91G_mount_top
91H,1,91H_mount_bottom,,,,,,,,10,91H 1 91H_mount_bottom
92,1,92_profile_60x60_2120,strut profile,Bosch Rexroth AG,https://store.boschrexroth.com/Montagetechnik/Mechanik-Grundelemente/Profile-und-Zubeh%C3%B6r/Strebenprofil?cclcl=de_DE,,,,,10,92 1 92_profile_60x60_2120 strut profile Bosch Rexroth AG
93,1,93_profile_60x60_710,strut profile,Bosch Rexroth AG,https://store.boschrexroth.com/Montagetechnik/Mechanik-Grundelemente/Profile-und-Zubeh%C3%B6r/Strebenprofil?cclcl=de_DE,,,,,10,93 1 93_profile_60x60_710 strut profile Bosch Rexroth AG
94,1,94_profile_60x60_350,strut profile,Bosch Rexroth AG,https://store.boschrexroth.com/Montagetechnik/Mechanik-Grundelemente/Profile-und-Zubeh%C3%B6r/Strebenprofil?cclcl=de_DE,,,,,10,94 1 94_profile_60x60_350 strut profile Bosch Rexroth AG
95,2,95_profile_60x60_740,strut profile,Bosch Rexroth AG,https://store.boschrexroth.com/Montagetechnik/Mechanik-Grundelemente/Profile-und-Zubeh%C3%B6r/Strebenprofil?cclcl=de_DE,,,,,10,95 2 95_profile_60x60_740 strut profile Bosch Rexroth AG
96,2,96_profile_60x60_300,strut profile,Bosch Rexroth AG,https://store.boschrexroth.com/Montagetechnik/Mechanik-Grundelemente/Profile-und-Zubeh%C3%B6r/Strebenprofil?cclcl=de_DE,,,,,10,96 2 96_profile_60x60_300 strut profile Bosch Rexroth AG
97,2,97_profile_60x60_1020,strut profile,Bosch Rexroth AG,https://store.boschrexroth.com/Montagetechnik/Mechanik-Grundelemente/Profile-und-Zubeh%C3%B6r/Strebenprofil?cclcl=de_DE,,,,,10,97 2 97_profile_60x60_1020 strut profile Bosch Rexroth AG
98,4,98_plate,,,,,,,,10,98 4 98_plate
99,2,99_bottom_square_profile,,,,,,,,10,99 2 99_bottom_square_profile
161,1,161_bottom_plate,,,,,,,,1,161 1 161_bottom_plate
162,1,162_bottom_plate_changeable,,,,,,,,1,162 1 162_bottom_plate_changeable
171,1,171_top_plate,,,,,,,,1,171 1 171_top_plate
172,1,172_top_plate_changeable,,,,,,,,1,172 1 172_top_plate_changeable
173,1,173_flat_seal_top_plate_changeable,6185: black silicone sealant,Liqui Moly,https://www.liqui-moly.com/de/de/silikondichtmasse-schwarz-p001435.html#6185,,,,,1,173 1 173_flat_seal_top_plate_changeable 6185: black silicone sealant Liqui Moly
174,1,174_dummy_scanner_flange,,EOS,,,,,,1,174 1 174_dummy_scanner_flange EOS
179,1,179_scanner_flange,EOS M270 flange,EOS,,,,,,1,179 1 179_scanner_flange EOS M270 flange EOS
181,1,181_right_side_plate,,,,,,,,2,181 1 181_right_side_plate
191,1,191_left_side_plate,,,,,,,,2,191 1 191_left_side_plate
192,1,192_pressure_relief_valve,120VUS040,Pfeiffer Vacuum,https://www.pfeiffer-vacuum.com/global/de/shop/products/120VUS040,,,,,2,192 1 192_pressure_relief_valve 120VUS040 Pfeiffer Vacuum
193,16,193_clamp_ISO_KF_DN40,,Wissel GmbH,https://wissel-vakuum.de/vakuum-bauteile/vakuum-bauteile-iso-kf/verbindungselemente/pratze/,,,,,2,193 16 193_clamp_ISO_KF_DN40 Wissel GmbH
194,3,194_centering_ring_ISO_KF_DN40,,Wissel GmbH,https://wissel-vakuum.de/vakuum-bauteile/vakuum-bauteile-iso-kf/dichtungen/zentrierring/,,,,,2,194 3 194_centering_ring_ISO_KF_DN40 Wissel GmbH
195,2,195_blind_flange_ISO_KF_DN40,,Wissel GmbH,https://wissel-vakuum.de/vakuum-bauteile/vakuum-bauteile-iso-kf/flansche/blindflansch/,,,,,2,195 2 195_blind_flange_ISO_KF_DN40 Wissel GmbH
261,1,261_left_side_plate,,,,,,,,2,261 1 261_left_side_plate
262,4,262_clamp_ISO_KF_DN40,,Wissel GmbH,https://www.wissel-vakuum.de/vakuum-bauteile/vakuum-bauteile-iso-kf/verbindungselemente/pratze/,,,,,2,262 4 262_clamp_ISO_KF_DN40 Wissel GmbH
271,1,271_right_side_plate,,,,,,,,2,271 1 271_right_side_plate
272,1,272_fluid_feedthrough,,,,,,,,2,272 1 272_fluid_feedthrough
273,4,273_centering_ring_ISO_KF_DN16,,Wissel GmbH,https://www.wissel-vakuum.de/vakuum-bauteile/vakuum-bauteile-iso-kf/dichtungen/zentrierring/,,,,,2,273 4 273_centering_ring_ISO_KF_DN16 Wissel GmbH 2
274,1,274_electricity_feedthrough,,,,,,,,3,274 1 274_electricity_feedthrough
275,4,275_blind_flange_ISO_KF_DN16,,Wissel GmbH,https://www.wissel-vakuum.de/vakuum-bauteile/vakuum-bauteile-iso-kf/flansche/blindflansch/,,,,,3,275 4 275_blind_flange_ISO_KF_DN16 Wissel GmbH
276,8,276_clamp_ISO_KF_DN16,,Wissel GmbH,https://www.wissel-vakuum.de/vakuum-bauteile/vakuum-bauteile-iso-kf/verbindungselemente/pratze/,,,,,3,276 8 276_clamp_ISO_KF_DN16 Wissel GmbH
281,1,281_front_plate,,,,,,,,3,281 1 281_front_plate
291,1,291_back_plate,,,,,,,,3,291 1 291_back_plate
321,1,321_heat_exchanger_rv1_17z0z114z04 322_reduction_ISO_K_DN100_DN63_320,rv1_17z0z114z04,Becker GmbH,https://main.becker-international.com/zfiles/allgemein/1593426301_ds_Becker_RV_1.17-0-114-XX_Heat_exchangers_en.pdf,,,,,5,321 1 321_heat_exchanger_rv1_17z0z114z04 rv1_17z0z114z04 Becker GmbH 322_reduction_ISO_K_DN100_DN63_320
322,2,RRK100-063-63,320RRK100-063-63,Pfeiffer Vacuum,https://www.pfeiffer-vacuum.com/global/de/shop/products/320RRK100_063_63,,,,,5,322 2 320RRK100-063-63 Pfeiffer Vacuum RRK100-063-63
323,8,323_clamp_ISO_K_DN100_350BPD100,350BPD100,Pfeiffer Vacuum,https://www.pfeiffer-vacuum.com/global/de/shop/products/350BPD100,,,,,5,323 8 323_clamp_ISO_K_DN100_350BPD100 350BPD100 Pfeiffer Vacuum
331,176,331_clamp_ISO_K_DN63_320BKL250,320BKL250,Pfeiffer Vacuum,https://www.pfeiffer-vacuum.com/global/de/shop/products/320BKL250,,,,,5,331 176 331_clamp_ISO_K_DN63_320BKL250 320BKL250 Pfeiffer Vacuum
332,44,332_seal_ISO_K_DN63_311ZRA063 34_flexible_pipe_ISO_KF_DN50_170SFK,311ZRA063,Pfeiffer Vacuum,https://www.pfeiffer-vacuum.com/global/de/shop/products/311ZRA063,,,,,5,332 44 332_seal_ISO_K_DN63_311ZRA063 311ZRA063 Pfeiffer Vacuum 34_flexible_pipe_ISO_KF_DN50_170SFK
411,1,411_housing,,,,,,,,6,411 1 411_housing
418,2,418_shaft,Toothed belt pulley 21 AT5/30-2,,,,,,,7,418 2 418_shaft Toothed belt pulley 21 AT5/30-2
419,3,419_belt_pulley_D14-575388,with 14 mm H7 bore with groove and threaded hole on groove Toothed belt pulley 21 AT5/30-2,zahriemen24.de,,,,,,7,419 3 419_belt_pulley_D14-575388 with 14 mm H7 bore with groove zahriemen24.de and threaded hole on groove Toothed belt pulley 21 AT5/30-2
421,1,421_weld_flange_top,,,,,,,,7,421 1 421_weld_flange_top
422,1,422_weld_flange_ISO_K_DN100,,,,,,,,7,422 1 422_weld_flange_ISO_K_DN100
423,1,423_powder_chute_back_front,,,,,,,,7,423 1 423_powder_chute_back_front
424,1,424_powder_chute_right,,,,,,,,7,424 1 424_powder_chute_right
425,1,425_powder_chute_left 426_flexible_pipe_ISO_K_DN100_320SW,,,,,,,,7,425 1 425_powder_chute_left 426_flexible_pipe_ISO_K_DN100_320SW
426,1,N100-0250,320SWN100-0250,Pfeiffer Vacuum,https://www.pfeiffer-vacuum.com/global/de/shop/products/320SWN100_0250,,,,,7,426 1 320SWN100-0250 Pfeiffer Vacuum N100-0250
427,1,427_reduction_ISO_K_DN100_KF_DN40,320RRK100-040-63,Pfeiffer Vacuum,https://www.pfeiffer-vacuum.com/global/de/shop/products/320RRK100_040_63,,,,,7,427 1 427_reduction_ISO_K_DN100_KF_DN40 320RRK100-040-63 Pfeiffer Vacuum
428,1,428_pipe_ISO_KF_DN40,120RZS040,Pfeiffer Vacuum,https://www.pfeiffer-vacuum.com/global/de/shop/products/120RZS040,,,,,7,428 1 428_pipe_ISO_KF_DN40 120RZS040 Pfeiffer Vacuum
429,1,429_powder_container_10_liter 42A_clamping_ring_ISO_KF_DN40_120B,,AMPROVED,https://www.amproved.com/amproved-produkte1/powder-container-4l1.html,,,,,7,429 1 429_powder_container_10_liter AMPROVED 42A_clamping_ring_ISO_KF_DN40_120B
521,1,521_scanner_cover_left,laser safety cover,,,,,,,7,521 1 521_scanner_cover_left laser safety cover
522,1,522_scanner_cover_front,laser safety cover,,,,,,,7,522 1 522_scanner_cover_front laser safety cover
523,1,523_scanner_cover_right,laser safety cover,,,,,,,7,523 1 523_scanner_cover_right laser safety cover
524,1,524_scanner_cover_top,laser safety cover,,,,,,,7,524 1 524_scanner_cover_top laser safety cover 7
611,1,611_nut_ISO 4032 - M4,,,,,,,,8,611 1 611_nut_ISO 4032 - M4
612,1,"612_bolt_DIN 912 - M4x0,7x16x14,25",cylinder head cap screw,,,,,,,8,"612 1 612_bolt_DIN 912 - M4x0,7x16x14,25 cylinder head cap screw"
613,1,"613_bolt_DIN 912 - M4x0,7x8x6,25",cylinder head cap screw,,,,,,,8,"613 1 613_bolt_DIN 912 - M4x0,7x8x6,25 cylinder head cap screw"
614,1,614_bolt_DIN EN ISO 4017 - M6x12,hexagon head screw,,,,,,,8,614 1 614_bolt_DIN EN ISO 4017 - M6x12 hexagon head screw
615,1,"615_bolt_DIN 912 - M4x0,7x12x10,25",cylinder head cap screw,,,,,,,8,"615 1 615_bolt_DIN 912 - M4x0,7x12x10,25 cylinder head cap screw"
616,1,"616_bolt_DIN 912 - M6x1x10x7,5",cylinder head cap screw,,,,,,,8,"616 1 616_bolt_DIN 912 - M6x1x10x7,5 cylinder head cap screw"
617,1,"617_bolt_DIN 912 - M5x0,8x25x23",cylinder head cap screw,,,,,,,8,"617 1 617_bolt_DIN 912 - M5x0,8x25x23 cylinder head cap screw"
618,1,618_countersunk_bolt_DIN 7991 - M4x12,countersunk screw,,,,,,,8,618 1 618_countersunk_bolt_DIN 7991 - M4x12 countersunk screw
619,1,619_countersunk_bolt_DIN 7991 - M5x20,countersunk screw,,,,,,,8,619 1 619_countersunk_bolt_DIN 7991 - M5x20 countersunk screw
912,3,912_name_tag,,,,,,,,9,912 3 912_name_tag
913,13,913_square_profile_80x80x5_connection 914_square_profile_DIN_EN_10219-,,,,,,,,9,913 13 913_square_profile_80x80x5_connection 914_square_profile_DIN_EN_10219-
914,4,2_80x80x5_960 915_square_profile_DIN_EN_10219-,square hollow section,,,,,,,9,914 4 square hollow section 2_80x80x5_960 915_square_profile_DIN_EN_10219-
915,4,2_80x80x5_810 916_square_profile_DIN_EN_10219-,square hollow section,,,,,,,9,915 4 square hollow section 2_80x80x5_810 916_square_profile_DIN_EN_10219-
916,2,2_80x80x5_970 917_square_profile_DIN_EN_10219-,square hollow section,,,,,,,9,916 2 square hollow section 2_80x80x5_970 917_square_profile_DIN_EN_10219-
917,22,2_80x80x5_1670 918_square_profile_DIN_EN_10219-,square hollow section,,,,,,,9,917 22 square hollow section 2_80x80x5_1670 918_square_profile_DIN_EN_10219-
918,3,2_80x80x5_740 919_square_profile_DIN_EN_10219-,square hollow section,,,,,,,9,918 3 square hollow section 2_80x80x5_740 919_square_profile_DIN_EN_10219-
919,2,2_80x80x5_950 91A_square_profile_DIN_EN_10219-,square hollow section,,,,,,,9,919 2 square hollow section 2_80x80x5_950 91A_square_profile_DIN_EN_10219-
1751,1,1751_cover,,,,,,,,1,1751 1 1751_cover
1752,4,1752_seal_ISO 3601-1 - B 0690 G,O-ring,,,,,,,1,1752 4 1752_seal_ISO 3601-1 - B 0690 G O-ring
1753,1,1753_flir_window_glas,thermographic camera:,Impex HighTech GmbH,,,,,,1,1753 1 1753_flir_window_glas Impex HighTech GmbH thermographic camera:
1761,1,1761_dummy_LAF-06_FLIR_X6900SC,FLIR_X6900SC,Teledyne,https://www.flir.de/support/products/x6900sc-sls-lwir/#Overview,,,,,1,1761 1 1761_dummy_LAF-06_FLIR_X6900SC Teledyne FLIR_X6900SC
1762,2,1762_profile_30x30_150,strut profile,Bosch Rexroth AG,https://store.boschrexroth.com/Montagetechnik/Mechanik-Grundelemente/Profile-und-Zubeh%C3%B6r/Strebenprofil?cclcl=de_DE,,,,,1,1762 2 1762_profile_30x30_150 strut profile Bosch Rexroth AG
1763,1,1763_camera_mount,Manfrotto 625,Manfrotto,https://www.manfrotto.com/de-de/schnellwechseleinrichtung-625/,,,,,1,1763 1 1763_camera_mount Manfrotto 625 Manfrotto
1764,1,1764_mounting_plate,,,,,,,,1,1764 1 1764_mounting_plate
1765,2,1765_profile_40x40_150,strut profile,Bosch Rexroth AG,https://store.boschrexroth.com/Montagetechnik/Mechanik-Grundelemente/Profile-und-Zubeh%C3%B6r/Strebenprofil?cclcl=de_DE,,,,,1,1765 2 1765_profile_40x40_150 strut profile Bosch Rexroth AG
1766,2,1766_dummy_lever_with_bolt,,,,,,,,1,1766 2 1766_dummy_lever_with_bolt
1767,2,1767_angle_connection,,,,,,,,1,1767 2 1767_angle_connection
1771,1,1771_seal_ISO 3601-1 - B 0690 G,,,,,,,,1,1771 1 1771_seal_ISO 3601-1 - B 0690 G
1772,1,1772_cover,,,,,,,,1,1772 1 1772_cover
1773,1,1773_ot_window_glas 1781_aluminium_breadboard_450x600x1,,Impex HighTech GmbH,,,,,,1,1773 1 1773_ot_window_glas Impex HighTech GmbH 1781_aluminium_breadboard_450x600x1
1781,1,2.7_MB3030,,Thorlabs,https://www.thorlabs.com/thorproduct.cfm?partnumber=MB4560/M,,,,,1,1781 1 Thorlabs 2.7_MB3030
1961,1,1961_mount_ISO_KF_DN40,mount for cable feed-through SKINTOP MULTI-M Art. Nr.,,,,,,,2,1961 1 1961_mount_ISO_KF_DN40 mount for cable feed-through SKINTOP MULTI-M Art. Nr.
1962,1,1962_feedthrough_SKINTOP MULTI-M,52220146,LAPP,https://lapp.partcommunity.com/3d-cad-models/sso/skintop-multi-m-lapp?info=lapp_kabel%2Fskintop_kabelverschraubungen%2Fskintop_kabeldurchfuehrungssysteme%2Fskintop_kabeldurchfuehrungssysteme%2Fskintop_multi_m.prj&cwid=2183,,,,,2,1962 1 1962_feedthrough_SKINTOP MULTI-M LAPP 52220146
4122,2,HMSA10 RG 4123_vacuum_rotary_feedthrough_PF224,SKF_36X47X7 HMSA10 RG,SKF,https://www.skf.com/at/products/industrial-seals/power-transmission-seals/radial-shaft-seals/productid-35X47X7 HMSA10 RG,,,,,6,4122 2 SKF_36X47X7 HMSA10 RG SKF HMSA10 RG 4123_vacuum_rotary_feedthrough_PF224
4123,6,010-T,PF 224 010 -T,Pfeiffer Vacuum,https://www.pfeiffer-vacuum.com/global/de/shop/products/PF_224_010_T,,,,,6,4123 6 PF 224 010 -T Pfeiffer Vacuum 010-T
4124,4,4124_clamp_ISO_KF_DN40,,Wissel GmbH,https://wissel-vakuum.de/vakuum-bauteile/vakuum-bauteile-iso-kf/verbindungselemente/pratze/,,,,,6,4124 4 4124_clamp_ISO_KF_DN40 Wissel GmbH
4125,1,4125_bearing_pedestal,,,,,,,,6,4125 1 4125_bearing_pedestal
4131,1,4131_bearing_pedestal,,,,,,,,6,4131 1 4131_bearing_pedestal
4141,1,4141_part_1,reduction with seal,,,,,,,6,4141 1 4141_part_1 reduction with seal
4142,1,4142_part_2,reduction with seal,,,,,,,6,4142 1 4142_part_2 reduction with seal
4143,1,4143_seal_FBL3002-K1,reduction with seal motor 80MPD1.300S000-01: part,Mink Bürsten,https://mink-buersten.com/konfigurator/?id_artikelkategorie=275,,,,,6,4143 1 4143_seal_FBL3002-K1 reduction with seal Mink Bürsten motor 80MPD1.300S000-01: part
4153,1,4153_mount_part_1,,,,,,,,7,4153 1 4153_mount_part_1
4154,1,4154_mount_part_2,valve sv04_din_cc_dn40_-,,,,,,,7,4154 1 4154_mount_part_2 valve sv04_din_cc_dn40_-
4162,1,BSR040,120BSR040,Pfeiffer Vacuum,https://www.pfeiffer-vacuum.com/global/de/shop/products/120BSR040,,,,,7,4162 1 120BSR040 Pfeiffer Vacuum BSR040
4163,1,4163_seal_ISO_KF_DN40,,Wissel GmbH,https://wissel-vakuum.de/vakuum-bauteile/vakuum-bauteile-iso-kf/dichtungen/zentrierring/,,,,,7,4163 1 4163_seal_ISO_KF_DN40 Wissel GmbH
4164,2,4164_powder_container_2_liter,,AMPROVED,https://www.amproved.com/amproved-produkte1/powder-container-2l.html,,,,,7,4164 2 4164_powder_container_2_liter AMPROVED
4170,3,4170_powder_chute,,,,,,,,7,4170 3 4170_powder_chute
9111,8,9111_foot,,,,,,,,9,9111 8 9111_foot
9112,4,9112_base_plate_120x80x10_M20,,,,,,,,9,9112 4 9112_base_plate_120x80x10_M20
41210,2,41210_bearing_SKF_61905-2RS1 4122_radial_shaft_seal_SKF_36X47X7,SKF_61905-2RS1,SKF,https://www.skf.com/de/products/rolling-bearings/ball-bearings/deep-groove-ball-bearings/productid-61905-2RS1,,,,,6,41210 2 41210_bearing_SKF_61905-2RS1 SKF_61905-2RS1 SKF 4122_radial_shaft_seal_SKF_36X47X7
41511,1,41511_part_1,1 motor 80MPD1.300S000-01: part,B&R,https://www.br-automation.com/product/80MPD3.300S000-01,,,,,6,41511 1 41511_part_1 B&R 1 motor 80MPD1.300S000-01: part
41512,1,41512_part_2,2,B&R,https://www.br-automation.com/product/80MPD3.300S000-01,,,,,6,41512 1 41512_part_2 B&R 2 6
41521,1,41521_gearbox,8GP40_060__016S2J2_1,B&R,https://www.br-automation.com/de/produkte/8gp40-080hh040klmm/,,,,,7,41521 1 41521_gearbox B&R 8GP40_060__016S2J2_1
41611,6,41611_valve_part_1,_aisi_316l-1_4404_-_epdm: part 1 valve sv04_din_cc_dn40_-,AMPROVED,https://www.amproved.com/amproved-produkte1/iso-kf-dn-40-scheibenventil.html,,,,,7,41611 6 41611_valve_part_1 _aisi_316l-1_4404_-_epdm: part AMPROVED 1 valve sv04_din_cc_dn40_-
41612,6,41612_valve_part_2,_aisi_316l-1_4404_-_epdm: part 2 valve sv04_din_cc_dn40_-,AMPROVED,https://www.amproved.com/amproved-produkte1/iso-kf-dn-40-scheibenventil.html,,,,,7,41612 6 41612_valve_part_2 _aisi_316l-1_4404_-_epdm: part AMPROVED 2 valve sv04_din_cc_dn40_-
41613,6,41613_valve_part_3 4162_clamping_ring_ISO_KF_DN40_120,_aisi_316l-1_4404_-_epdm: part 3,AMPROVED,https://www.amproved.com/amproved-produkte1/iso-kf-dn-40-scheibenventil.html,,,,,7,41613 6 41613_valve_part_3 _aisi_316l-1_4404_-_epdm: part AMPROVED 3 4162_clamping_ring_ISO_KF_DN40_120