machine_id,file,bucket,priority,classification,recommendation_excerpt,confidence_excerpt
anvil_or_die_set,research/machines/anvil_or_die_set.md,"tooling/instrument/consumable resource",high,"real practical tooling set, not a standalone machine.","Keep the concept, but reclassify as tooling and deduplicate. Recommended future cleanup: - Decide whether `anvil_or_die_set` and `anvil_and_die_set` are the same item. - Keep `anvil_block_basic` for the heavy fixed anvil block if needed. - Model this item as interchangeable forging tooling, not a machine.",Confidence: high that the item is real and useful; high that it is tooling rather than a machine; medium on the correct mass and dedupe target.
assembly_tools_basic,research/machines/assembly_tools_basic.md,"tooling/instrument/consumable resource",high,"real tool/station bundle, not a single machine.","Keep the concept, but clarify it as an assembly station/tool bundle rather than a machine. Recommended future wording: ""basic assembly workstation and tool set."" If the KB wants only a hand-tool kit, consolidate with `hand_tools_basic`. If the KB wants assembly repeatability, keep this item and include torque tools, clamps/fixtures, ESD provisions, bins, power, and basic guided-assembly sensors.",Confidence: high that the concept is real; high that it is a tool/station bundle rather than a machine; medium on how much overlap with `hand_tools_basic` should remain.
ball_mill_v0,research/machines/ball_mill_v0.md,clear commercial/practical machine,low,Real practical machine.,Keep `ball_mill_v0` as a real medium-scale powder milling machine. Recommended refinements: - Define it as a rotary ball mill for wet/dry bulk comminution and powder homogenization. - Add grinding media as an explicit required consumable/tooling item for ball-milling processes or the ball mill BOM. - Keep it downstream of crushing; feed rocks generally need crushing before ball milling.,"Confidence: high that the item is real; high that the mass/BOM are plausible for a medium rotary mill; medium on whether all current powdering processes should use a ball mill versus crusher, hammer mill, attritor, or mixer."
blast_furnace_or_smelter,research/machines/blast_furnace_or_smelter.md,generic/ambiguous/duplicate needing cleanup,high,"Real practical machine category, but the current name conflates several different machines.","Keep as a temporary coarse smelting machine, but eventually split or rename. Recommended options: - Rename to `small_smelter_furnace_v0` if this represents a compact ore/scrap smelting furnace. - Use `blast_furnace` only for ironmaking from ore/coke/flux with blast air and slag tapping. - Use cupola/induction/electric arc/crucible furnaces for remelting or alloying, depending on process needs.","Confidence: high that the underlying machines are real; high that the current ""or"" item is too broad; medium on whether the KB can tolerate the abstraction for current iron smelting."
casting_furnace_v0,research/machines/casting_furnace_v0.md,generic/ambiguous/duplicate needing cleanup,high,"real practical machine family, but the current KB ID should remain deprecated/consolidated.","Recommendation: real machine category, but replace or keep deprecated in favor of `furnace_basic`. Specific recommendation: - Do not treat `casting_furnace_v0` as a fake or placeholder. - Do treat it as over-specific or duplicate if `furnace_basic` is intended to absorb generic small furnace functions.",Confidence: high that casting furnaces are real; high that this specific KB item is deprecated/duplicative based on local docs.
casting_mold_set,research/machines/casting_mold_set.md,"tooling/instrument/consumable resource",high,"Real practical tooling set, not a standalone machine.","Keep the item as foundry tooling, but narrow its meaning. Recommended options: - Treat `casting_mold_set` as a generic foundry mold tooling kit, not a universal set of molds for all geometries. - Keep `sand_casting_flask_set` separate as reusable sand-casting support equipment. - Add part-specific patterns/molds only when a casting process depends on a dedicated geometry, such as motor housings, machine frames, or complex fluid parts.",Confidence: high that casting molds/flasks/pattern tooling are real; medium that one generic 100 kg set can cover the current wide range of casting processes without hiding part-specific tooling.
cement_mixer_small,research/machines/cement_mixer_small.md,clear commercial/practical machine,low,real practical machine.,"Keep `cement_mixer_small` as a real practical machine. Recommended cleanup when KB edits are allowed: - Clarify whether this is a small portable concrete mixer, refractory mortar mixer, or ruggedized small industrial mixer. - If the intent is a common portable 100-150 L mixer, consider reviewing the 309.5 kg mass; many commercial portable mixers are much lighter. If the intent is a conservative industrial/refractory mixer, document that assumption in the item notes.",Confidence: high that the machine is real and useful for the modeled function.
chemical_reactor_basic,research/machines/chemical_reactor_basic.md,generic/ambiguous/duplicate needing cleanup,high,"Real practical machine category, but broad.","Keep `chemical_reactor_basic` as a real coarse machine, but narrow its implied service envelope. Recommended options: - Define it as a small stirred/jacketed batch or semi-batch reactor, not a universal chemical plant. - Use `chemical_reactor_basic` where the process needs moderate temperature, mixing, gas ports, and ordinary steel/stainless compatibility.",Confidence: high that the machine category is real and useful; medium that it is adequate for all current KB processes.
chemical_reactor_vessel_v0,research/machines/chemical_reactor_vessel_v0.md,"subsystem/station/infrastructure, not single machine",medium,"Real practical equipment component, but not a complete machine.","Keep the item, but make its component role explicit. Recommended options: - Reclassify or annotate as `reactor_vessel_subassembly` or `chemical_reactor_vessel_shell` if schema support allows. - Avoid using it directly as a process machine unless the process only needs a passive vessel; most reactions should require `chemical_reactor_basic`, `generic_chemical_reactor_v0`, or a more specific reactor unit.","Confidence: high that reactor vessels are real and that this item is better modeled as a component than a full machine; medium on the current 120 kg mass because volume, pressure rating, and material are not specified."
chemical_separation_equipment,research/machines/chemical_separation_equipment.md,"subsystem/station/infrastructure, not single machine",medium,"real practical equipment category / modular skid, not a single specific machine.","Keep the item only as an explicitly generic modular chemical separation skid. Recommended cleanup when KB edits are allowed: - Rename display name to ""Modular hydrometallurgy separation skid"" or ""Chemical separation skid"" to make the bundle nature explicit. - Add notes that this is a coarse placeholder for a process train, not one universal machine.","Confidence: medium-high. The equipment class is real, but the KB ID is broad."
cnc_mill,research/machines/cnc_mill.md,clear commercial/practical machine,low,real practical machine.,"Keep `cnc_mill` as the canonical milling machine. The current ID is realistic and correctly useful. Consider documenting the mass as compact-shop scale, not a full production machining center. Do not split by 3-axis versus 5-axis yet; the KB can use process notes or capability tags unless a specific process requires true 5-axis simultaneous machining.",Confidence: high that this is a real practical machine and a good canonical KB item.
coil_winding_machine,research/machines/coil_winding_machine.md,clear commercial/practical machine,low,real practical machine.,"Keep the item. Recommended clarification: define it as a generic semi-automatic coil winder for motors, transformers, inductors, solenoids, relays, and heating coils. Preserve tension control and turn counting as core features. Future cleanup: - Normalize references that point to `coil_winding_machine_v0` if `coil_winding_machine` is the intended current ID.",Confidence: high that the machine is real and that the KB abstraction is appropriate.
control_compute_module_imported,research/machines/control_compute_module_imported.md,generic/ambiguous/duplicate needing cleanup,high,real practical imported electronics module / broad category.,"Keep as a real imported boundary component, but make the scope explicit. Recommended cleanup when KB edits are allowed: - Keep `control_compute_module_imported` as an import boundary for early phases. - Consider renaming display name to ""Imported industrial control module"" if it mainly means PLC/SBC control, or split if AI compute is different.",Confidence: high that this represents real equipment; high that import status is realistic for early phases.
controlled_atmosphere_chamber,research/machines/controlled_atmosphere_chamber.md,generic/ambiguous/duplicate needing cleanup,high,"Real practical equipment category, but broad and potentially overlapping.","Keep the item, but narrow its scope. Recommended direction: - Interpret `controlled_atmosphere_chamber` as a sealed process chamber/load-lock style subsystem with vacuum purge and inert/process gas manifold. - Do not use it as a synonym for a complete vacuum furnace, high-temperature furnace, glovebox, or inert gas supply system.","Confidence: high that the broad category is real; medium that the current KB item is scoped tightly enough; medium on 250 kg mass because it depends on chamber volume, pressure/vacuum rating, wall thickness, doors, hot-zone integration, and pump/gas hardware."
crucible_graphite,research/machines/crucible_graphite.md,"tooling/instrument/consumable resource",high,"Real practical crucible/tooling component, not a machine.","Keep `crucible_graphite`, but treat it as a crucible/tooling/consumable component. Recommended cleanup: - Reclassify from `kind: machine` to part/tooling/consumable if schema allows. - Preserve distinction from `crucible_refractory` and `crucible_ceramic_refractory`; graphite is not universally interchangeable with alumina, clay, silicon carbide, or fused silica.",Confidence: high that graphite crucibles are real and useful; high that the KB should not treat them as machines; medium on the 10 kg mass because size and capacity are unspecified.
crucible_refractory,research/machines/crucible_refractory.md,"tooling/instrument/consumable resource",high,"Real practical consumable/tooling item, not a standalone machine.","Keep the item, but reclassify it conceptually as consumable refractory ware or tooling. Recommended options: - Avoid presenting `crucible_refractory` as a machine. It is a replaceable container used by furnaces and casting operations. - Consolidate duplicate crucible names where possible under Conservative Mode. `crucible_refractory`, `crucible_ceramic_refractory`, and parts of `crucible_set` may overlap.",Confidence: high that refractory crucibles are real and necessary; high that the current item should not be treated as a standalone machine; medium on the 15 kg mass as a generic placeholder.
cutting_tools_general,research/machines/cutting_tools_general.md,"tooling/instrument/consumable resource",high,"real tooling category or kit, not a standalone machine.","Keep the concept, but reclassify and narrow it. Recommended future cleanup: - Rename display name to ""General cutting-tool kit"" or ""Machine cutting-tool inventory."" - Model it as tooling/consumables rather than a machine. - Split hand cutting tools from machine cutting tools if process realism matters.",Confidence: high that the category is real; high that it is not a machine; medium on how much splitting the KB needs.
dies,research/machines/dies.md,"tooling/instrument/consumable resource",high,"Real practical tooling set, but overly generic and not a standalone machine.","Keep the concept, but make it less generic. Recommended options: - Rename to `hot_press_die_set_basic` or `powder_pressing_die_set_basic` if its primary use remains `sintering_and_hot_pressing_v0`. - Change classification from `machine` to tooling/part if the schema supports it; if not, document that `kind: machine` is only a simulator capacity convention.","Confidence: high that the item represents real practical tooling; high that it is not a standalone machine; medium on whether 40 kg is appropriate because die mass depends on press capacity, part size, tool material, and whether it is a single die or a set."
drawing_die_set_basic,research/machines/drawing_die_set_basic.md,"tooling/instrument/consumable resource",high,real practical tooling set.,"Keep the item as real tooling, but consider consolidation and classification cleanup. Recommended cleanup when KB edits are allowed: - Compare `drawing_die_set_basic` with `wire_drawing_die_set`; they appear likely duplicate or near-duplicate under Conservative Mode. - Prefer a single canonical die-set ID unless the KB needs distinct die materials or size ranges.",Confidence: high that the item represents real practical tooling; medium that the current KB classification is the best one.
drill_press,research/machines/drill_press.md,clear commercial/practical machine,low,real practical machine.,Keep as a real machine. The current BOM and mass are realistic enough for a medium shop drill press. Recommended future cleanup is minor: ensure PCB drilling either uses this as a coarse manual drill press or a more precise PCB drill if hole sizes/tolerances require it. Keep field drilling separate under `drilling_equipment_v0`.,Confidence: high.
drilling_equipment_v0,research/machines/drilling_equipment_v0.md,generic/ambiguous/duplicate needing cleanup,high,"real practical machine category, but broad.","Keep the item, but clarify its name or notes. Recommended label: compact field drilling rig for polar regolith/ice access. The current name `drilling_equipment_v0` is broad enough to invite misuse. A clearer ID such as `field_drilling_rig_v0`, `polar_regolith_drill_rig_v0`, or `compact_core_drill_rig_v0` would better match the KB function. Do not replace it with a drill press or generic hand drill.",Confidence: high that this is a real practical equipment category; medium that the exact KB mass and capability are sufficient for polar ice-cemented regolith.
drying_basic_v0,research/machines/drying_basic_v0.md,generic/ambiguous/duplicate needing cleanup,high,"real practical machine category, but the KB entry is ambiguous and likely duplicative.","Keep the real-world concept, but consider consolidating or renaming. Best future cleanup recommendation: - Use `drying_oven` as the canonical machine for low-temperature drying/curing. - Keep `drying_basic_v0` as a process ID only, or rename the machine to something distinct such as `drying_chamber_large_v0` if the 370 kg larger-capacity chamber is genuinely needed.",Confidence: high that drying/curing ovens are real practical equipment; medium-low that `drying_basic_v0` should remain a separate machine from `drying_oven`.
drying_oven,research/machines/drying_oven.md,clear commercial/practical machine,low,real practical machine.,"Keep `drying_oven` as the canonical low-temperature drying and curing oven. Recommended cleanup when KB edits are allowed: - Continue using `drying_oven` for 50-300 C drying, stoving, and adhesive/coating cure. - Do not use it for high-temperature annealing, ceramic firing, sintering, or vacuum drying unless explicitly upgraded.",Confidence: high that the item is real and correctly modeled at coarse level.
dust_collection_system,research/machines/dust_collection_system.md,clear commercial/practical machine,low,real practical machine category.,"Keep the item as a real generic machine category. Recommended clarification: define it as a small industrial cyclone-plus-cartridge dust collection system for dusty mineral/regolith processing. If the KB later models high-throughput continuous mining, split larger equipment into `cyclone_preseparator`, `baghouse_or_cartridge_collector`, `industrial_blower`, and `ductwork_system`. For the current minimal self-reproduction list, the current combined system is realistic and avoids unnecessary item proliferation.",Confidence: high that the machine category is real and that the current BOM architecture is plausible.
electrodes,research/machines/electrodes.md,"tooling/instrument/consumable resource",high,"real practical item, but likely misclassified as a machine.","Do not keep `electrodes` as a machine long term. Recommended future cleanup: - Reclassify `electrodes` as a `part` or consumable tooling item, probably `graphite_electrode_set_v0`. - Keep it as an input or BOM component for MRE/FFC/electrolysis equipment. - Replace `machine_id: electrodes` resource requirements with the actual machine, such as `mre_reactor_v0` or `electrolysis_cell_unit_v0`, and list electrodes as inputs or consumable maintenance parts.",Confidence: high that electrodes are real and practical; high that they are misclassified as a machine; medium on the best replacement ID because the KB has several electrode concepts already.
electrolysis_cell_unit_v0,research/machines/electrolysis_cell_unit_v0.md,generic/ambiguous/duplicate needing cleanup,high,"real practical machine category, but currently over-generic and internally inconsistent.","Keep as a temporary placeholder, but mark as needing chemistry-specific interpretation. Recommended future cleanup: - Rename or document the current item as `generic_electrolysis_cell_placeholder_v0` if it is intended only for early closure/provenance demos. - Split real uses into at least three machine classes: `chloralkali_membrane_cell`, `aqueous_electrowinning_cell`, and `hall_heroult_reduction_cell`.",Confidence: high that electrolysis cells are real equipment; low-to-medium that this specific KB item is realistic for all current uses.
enclosure_small,research/machines/enclosure_small.md,"tooling/instrument/consumable resource",high,"Real practical object, but not a machine. It is a generic electrical/electronics enclosure category.","Do not treat `enclosure_small` as a real machine. Keep it as a real, reusable part or subassembly. Recommended cleanup: - Reclassify from `kind: machine` to a part/subassembly classification if the schema allows it. - Consider renaming to `electronics_enclosure_small` or `electrical_enclosure_small` for clarity.","Confidence: high that the object is real and commercially standard; high that it is not a machine; medium on the exact 5 kg mass because commercial enclosure mass depends strongly on size, wall thickness, NEMA/IP rating, door/cover design, and hardware."
epoxy_synthesis_unit,research/machines/epoxy_synthesis_unit.md,"subsystem/station/infrastructure, not single machine",medium,"Real practical equipment category, but chemistry-specific and partly misused.","Keep only for epoxy/resin synthesis, and move unrelated chemistry elsewhere. Recommended options: - Define `epoxy_synthesis_unit` as a small resin reactor or resin synthesis skid, not a generic chemical reactor. - Use `chemical_reactor_basic` or a specific HCl reactor for `hcl_synthesis_from_h2_cl2_v0`; an epoxy unit is not the right semantic machine.",Confidence: high that epoxy/resin reactors are real; high that the current KB item is too generic in usage; medium on the 200 kg mass because scale is unspecified.
excavator_basic,research/machines/excavator_basic.md,clear commercial/practical machine,low,"Real practical machine, but scale and environment need clarification.","Keep `excavator_basic` as a real machine, but scope it as a compact electric-hydraulic mini excavator or small regolith excavator. Recommended refinements: - Clarify whether this is terrestrial-style mini excavator, lunar-adapted excavator, or generic excavation capacity. - Keep the 2000 kg mass for a compact excavator; do not use it as a proxy for large mining equipment.",Confidence: high that the item is real; high that 2-ton mini-excavator mass is plausible; medium that a terrestrial excavator architecture is appropriate for lunar regolith mining.
fixturing_workbench,research/machines/fixturing_workbench.md,"subsystem/station/infrastructure, not single machine",medium,"Real practical shop equipment/workholding station, not a production machine by itself.","Keep `fixturing_workbench` as real and useful equipment, but classify it as workholding/shop infrastructure rather than a powered manufacturing machine. Specific recommendations: - Keep it separate from `workbench_basic` and `assembly_workbench_v0`; welding/fabrication fixture tables provide a distinct capability.","Confidence: high that this is real practical equipment; high that the KB decomposition is plausible; medium on mass and precision because table capability depends on size, material, thickness, flatness tolerance, and accessory set."
forging_press_v0,research/machines/forging_press_v0.md,clear commercial/practical machine,low,"Real practical machine, but it overlaps with other press/forging entries.","Keep only if the KB needs dedicated hot-forging press capability. Recommended options: - Use `hydraulic_press` for general pressing, compaction, bearings, and cold forming. - Use `power_hammer_or_press` where impact forging or hammer-like drawing is intended. - Use `forging_press_v0` where controlled hot forging under sustained force is specifically needed.",Confidence: high that forging presses are real; medium that the KB needs this separate item in addition to `hydraulic_press` and `power_hammer_or_press`.
furnace_basic,research/machines/furnace_basic.md,generic/ambiguous/duplicate needing cleanup,high,"Real practical machine, but a generic category.","Keep `furnace_basic` as a real, useful, generic 200-1200 C furnace. Recommended refinements: - Define it as a ""general-purpose refractory-lined box/crucible furnace"" rather than a catch-all furnace. - Use it for moderate-temperature heating, calcination, basic annealing/stress relief, ceramic firing within its range, and simple low-scale melting where atmosphere and pouring details are not critical.",Confidence: high that the item is real and commercially common; high that the BOM is plausible for a compact general furnace; medium on process references because some current uses may need more specific furnace equipment.
furnace_high_temp,research/machines/furnace_high_temp.md,clear commercial/practical machine,low,real practical machine category.,"Keep as a real, important machine category. Recommended future refinement: - Clarify whether this represents a 1600-1800 C high-temperature furnace or a 2500-3000 C graphite/vacuum furnace. - Use `furnace_basic` for general heating/melting up to around 1200 C. - Use `heat_treatment_furnace_v0` for controlled metal heat-treatment cycles.",Confidence: high that the machine category is real and necessary; medium that one 800 kg generic item should cover every 1600-3000 C use case.
generic_chemical_reactor_v0,research/machines/generic_chemical_reactor_v0.md,generic/ambiguous/duplicate needing cleanup,high,"real equipment category / placeholder, not a single practical universal machine.","Keep `generic_chemical_reactor_v0` as a temporary coarse placeholder, but make its limits explicit. Recommended cleanup when KB edits are allowed: - Annotate as ""generic stirred/jacketed reactor placeholder"" rather than a universal reactor. - Prefer `chemical_reactor_basic` where the existing basic reactor BOM fits.",Confidence: high that chemical reactors are real; medium-low that this specific generic item is realistic across all current process references.
glass_furnace_v0,research/machines/glass_furnace_v0.md,generic/ambiguous/duplicate needing cleanup,high,"real practical machine family, modeled as a generic small glass melting furnace.","Keep `glass_furnace_v0`, but clarify its scope as ""small glass melting furnace"" or ""small electric glass melting furnace"" if future KB edits are allowed. Recommended interpretation: - Keep as a real machine. - Treat the current 1400 kg item as small production/lab/studio-scale, not as an industrial continuous tank furnace.",Confidence: high that glass furnaces are real and that the KB item is plausible as a small furnace; medium on the exact 1400 kg mass and process coverage.
gravity_separator,research/machines/gravity_separator.md,clear commercial/practical machine,low,Real practical machine category.,"Keep `gravity_separator` as a real compact mineral-processing machine, but tighten scope. Recommended refinements: - Rename or annotate as `gravity_density_separator_table` or `dry_air_table_gravity_separator` if the current BOM remains air-table based. - Do not imply one item covers all gravity separation methods; jigs, spirals, wet shaking tables, and centrifugal concentrators differ.","Confidence: high that gravity/density separators are real; high that the KB BOM resembles a real air table; medium on lunar effectiveness because low gravity, vacuum, dust, and lack of water change separator design."
grinding_wheels,research/machines/grinding_wheels.md,"tooling/instrument/consumable resource",high,"Real practical consumable/tooling set, not a standalone machine.","Keep `grinding_wheels`, but treat it as consumable abrasive tooling rather than a machine. Recommended refinements: - Reclassify from `kind: machine` to part/tooling/consumable if schema supports process requirements on non-machines. - Keep it separate from `surface_grinder`; the grinder is incomplete without wheels, and wheels wear out.",Confidence: high that grinding wheels are real and necessary; high that they are consumables/tooling rather than machines; medium that the current ISRU recipe can produce precision-quality wheels without added grain/bond/porosity/safety detail.
hand_tools_basic,research/machines/hand_tools_basic.md,"tooling/instrument/consumable resource",high,"real practical tool kit, not a machine.","Keep as a tool kit, but do not treat it as a true machine. Recommended future cleanup: - Reclassify as part/tooling if the schema supports it, or document that `kind: machine` is being used to represent reusable shop tooling. - Keep `hand_tools_basic` as the general fallback for labor-bot manual work.",Confidence: high that the item is real; high that it is better described as reusable tooling than a machine.
hand_tools_electrical,research/machines/hand_tools_electrical.md,"tooling/instrument/consumable resource",high,"Real practical tool kit, not a standalone machine.","Keep as an electrical hand-tool kit. Recommended options: - Treat as reusable hand tooling, not as a machine. - Keep separate from `hand_tools_mechanical` where insulation, wire stripping, and electrical safety matter. - Do not use as a substitute for `wire_crimping_tools` or `crimping_tool_set` where connector-specific crimp quality matters.",Confidence: high that the item is real and useful; high that it is a tool kit rather than a machine; medium on how much overlap should remain with crimping-specific tool items.
hand_tools_mechanical,research/machines/hand_tools_mechanical.md,"tooling/instrument/consumable resource",high,"Real practical tool kit, not a standalone machine.","Keep as a tool kit, but avoid counting it as a machine. Recommended options: - Treat `hand_tools_mechanical` as reusable tool inventory. - Keep separate from `hand_tools_electrical` only where insulated handles, crimping, wire stripping, or electrical safety matters. - Consider consolidating into `hand_tools_basic` or `assembly_tools_basic` for coarse processes under Conservative Mode.","Confidence: high that the item is real; high that it is a tool kit rather than a machine; medium on whether the KB benefits from separate `hand_tools_basic`, `hand_tools_mechanical`, and `assembly_tools_basic` items."
heat_treatment_furnace_v0,research/machines/heat_treatment_furnace_v0.md,clear commercial/practical machine,low,real practical machine.,"Keep as a real and useful machine. Recommended future wording: ""programmable chamber heat-treatment furnace for hardening, tempering, annealing, and stress relief."" Keep it distinct from `furnace_high_temp`, `reduction_furnace_v0`, and `sintering_furnace_v0`. If processes require carburizing, nitriding, bright annealing, or oxygen-sensitive alloys, add controlled-atmosphere hardware explicitly. If hardening is modeled, keep quench racks/baskets and link to a quench tank or cooling station.",Confidence: high that the item is real and appropriately modeled; medium on whether controlled atmosphere is needed for all current uses.
heating_furnace,research/machines/heating_furnace.md,generic/ambiguous/duplicate needing cleanup,high,"real practical machine, possible KB duplicate/variant.","Keep as real equipment, but review for consolidation with `furnace_basic`. Recommended cleanup when KB edits are allowed: - If `heating_furnace` only means general 600-1200 C heating, consolidate references into `furnace_basic`. - If it is specifically a preheat furnace for rolling/forming or getter activation, rename to ""preheating furnace"" and document that distinct duty.",Confidence: high that the equipment is real; medium-low that it should remain distinct from `furnace_basic`.
heating_plate_induction_heater,research/machines/heating_plate_induction_heater.md,generic/ambiguous/duplicate needing cleanup,high,"real practical small heating machine, but name/scope is ambiguous.","Keep the item, but clarify the name and intended heater type. Recommended future paths: - If used for bearing installation, rename to `induction_bearing_heater_v0` or `thermal_fit_heater_v0`. - If used as a general heating plate in plastic extrusion/reactors, rename to `controlled_heating_plate_v0`. - If both functions are needed, split induction bearing heater from resistive heating plate.",Confidence: high that bearing/shrink-fit heaters and hot plates are real; medium that the combined KB name should remain one item.
heliostat_array_system_v0,research/machines/heliostat_array_system_v0.md,"subsystem/station/infrastructure, not single machine",medium,real practical system category / array of machines.,"Keep, but clarify as a small heliostat array/field module. Recommended future wording: ""Small modular heliostat field for redirecting/concentrating sunlight to a fixed receiver or target; composed of mirror panels, frames, actuators, controls, and mounts."" If the KB later models utility-scale CSP or kilometer-scale lunar polar illumination, scale by number of heliostat modules rather than making one generic unit cover all cases.",Confidence: high that heliostats and heliostat fields are real practical systems; medium that the 885 kg item is appropriately scaled for the current polar mining/extraction use cases.
high_temperature_power_supply_v0,research/machines/high_temperature_power_supply_v0.md,clear commercial/practical machine,low,"real practical machine category, with naming ambiguity.","Keep the item, but clarify the name and scope. Recommended interpretation: an industrial high-current process power supply for high-temperature electrolysis and furnace-like processes. Recommended future cleanup: - Rename or note it as `high_current_process_power_supply_v0`. - Split process-specific supplies only if voltage/current/regulation requirements matter.",Confidence: high that this is a real practical equipment category; medium that one generic supply can cover every KB process currently referencing it.
hot_press_v0,research/machines/hot_press_v0.md,clear commercial/practical machine,low,real practical machine.,"Keep as a real specialized machine. Recommended future wording: ""pilot-scale heated platen/vacuum hot press for powder and ceramic consolidation."" If the KB only requires low-temperature polymer/composite pressing, a simpler heated hydraulic press is enough. If it requires NdFeB magnets, ceramics, graphite, tungsten, or refractory materials, model it as a high-temperature hot press with explicit die/tooling, load measurement, and possibly vacuum/inert atmosphere.",Confidence: high that hot presses are real and distinct; medium that the current BOM fully represents the required high-temperature/vacuum implementation.
hydraulic_power_unit_basic,research/machines/hydraulic_power_unit_basic.md,"subsystem/station/infrastructure, not single machine",medium,real practical machine subsystem / hydraulic power pack.,"Keep `hydraulic_power_unit_basic` as a real reusable subsystem. Specific recommendation: - Keep separate from `hydraulic_press`; it is a power subsystem used by multiple machines. - Consider classifying/documenting it as `equipment` or `subassembly` if the KB later distinguishes those from machines. - Preserve pump, reservoir, motor, valve manifold, relief valve, filtration, and controls in the model.",Confidence: high.
hydraulic_press,research/machines/hydraulic_press.md,clear commercial/practical machine,low,real practical machine.,"Keep `hydraulic_press` as the canonical general-purpose press. Recommended cleanup when KB edits are allowed: - Preserve the existing dedupe decision that consolidates smaller generic presses into this item. - Keep it distinct from `press_brake`, `stamping_press_basic`, and forging equipment only when those specific mechanics matter.",Confidence: high that the machine is real and that the KB consolidation is sensible.
induction_forge_v0,research/machines/induction_forge_v0.md,clear commercial/practical machine,low,"real practical machine, but current canonical BOM is incomplete.","Keep as a real machine, but refine the BOM and name/scope. Recommended future wording: ""industrial induction billet/bar heater for forging and heat treatment."" If the intent is a blacksmith-scale unit, reduce mass substantially. If the intent is a production forging heater, keep the large mass but add explicit induction power supply, capacitor bank, copper coils, cooling/chiller, temperature sensing, controls, and handling hardware.",Confidence: high that induction forges/heaters are real and relevant; high that the current BOM is incomplete; medium on the intended scale.
inspection_tools_basic,research/machines/inspection_tools_basic.md,"tooling/instrument/consumable resource",high,"real kit/tool bundle, not a standalone machine.","Keep the concept, but rename or reclassify it as a tool kit rather than a machine. Recommended future cleanup: - Use `inspection_tools_basic` for low-end manual inspection and sorting: magnifier, straightedge, ruler, simple gauges, calipers, and visual aids. - Use `measurement_equipment` for a broader calibrated metrology kit with micrometers, gauge blocks, dial indicators, and electrical instruments.",Confidence: high that the item is real and useful; high that it is a kit rather than a machine; medium on whether it should be merged with `measurement_equipment`.
labor_bot_general_v0,research/machines/labor_bot_general_v0.md,clear commercial/practical machine,low,"Real practical machine class, but the KB item is also a deliberate modeling abstraction for generalized labor capacity.","Keep `labor_bot_general_v0`; it is a real machine class and a necessary SERES modeling primitive. Recommended realism notes: - Keep the indoor/pressurized-habitat assumption explicit. Do not use this item for EVA, abrasive regolith fieldwork, high-temperature proximity, vacuum, or dusty excavation without a specialized robot.","Confidence: high that the machine class is real; high that it is appropriate as an explicit labor resource; medium on the exact mass/payload/reach combination; medium on autonomy assumptions because real industrial robots normally need task-specific programming, fixtures, guarding, and integration."
lifting_equipment,research/machines/lifting_equipment.md,clear commercial/practical machine,low,real practical machine category.,"Keep the item as a generic workshop lifting system. Recommended clarification: ""Small rated gantry crane or overhead hoist/trolley system for 500 kg component handling during assembly."" This prevents confusion with large cranes, forklifts, or mining material-handling systems. Future cleanup should ensure:",Confidence: high that this is real and practical; high that it matches current KB motor assembly needs.
measurement_equipment,research/machines/measurement_equipment.md,"tooling/instrument/consumable resource",high,"real practical metrology/tooling kit, not a single machine.","Keep as a real metrology kit, but reclassify as a tool/equipment set rather than a machine. Recommended cleanup: - Define it as ""calibrated measurement and metrology equipment set."" - Keep gauge blocks/reference standards explicitly or implicitly inside this item. - Remove or clarify ""coordinate measuring equipment"" unless the KB intends a small portable measuring arm; a full CMM should be separate.",Confidence: high that the item is real and necessary; high that it is a kit rather than a machine; medium on how advanced its CMM/electrical content should be.
metal_forming_basic_v0,research/machines/metal_forming_basic_v0.md,generic/ambiguous/duplicate needing cleanup,high,generic equipment set / placeholder bundle made from real machines.,"Recommendation: mark as a generic forming equipment set or replace with specific machines where possible. Specific recommendation: - Do not treat `metal_forming_basic_v0` as a fake machine; it represents real shop capabilities. - Do treat it as a generic bundle, not a standard purchasable machine. - Give it a display name such as ""Basic metal forming equipment set"" if future edits are allowed.",Confidence: high that the underlying capabilities are real; high that the current item is a generic equipment-set abstraction rather than a single machine.
metal_shear_or_saw,research/machines/metal_shear_or_saw.md,generic/ambiguous/duplicate needing cleanup,high,"Real practical machine category or shop station, but not a single exact machine type.","Keep for now as a generic metal stock-prep machine, but make the abstraction explicit. Recommended options: - Keep `metal_shear_or_saw` as the broad canonical machine for low-detail fabrication recipes. - For higher realism, split into `metal_cutting_bandsaw` and `sheet_metal_shear` when process geometry matters.",Confidence: high that the underlying machines are real; medium that the combined KB abstraction is adequate for all current uses.
milling_machine_general_v0,research/machines/milling_machine_general_v0.md,generic/ambiguous/duplicate needing cleanup,high,"real practical machine, but currently a deprecated duplicate/consolidation target.","Do not mark the concept unrealistic. Manual/general milling machines are real and foundational. For the current KB, pick one of two coherent paths: - If the self-reproducing set wants one canonical milling machine, finish consolidation into `cnc_mill` and update remaining process references away from `milling_machine_general_v0`.",Confidence: high that the machine class is real; high that the KB has a consolidation inconsistency; medium on whether the intended model should keep manual and CNC milling separate.
mixer_or_blender,research/machines/mixer_or_blender.md,generic/ambiguous/duplicate needing cleanup,high,"Real practical machine category, but broad.","Keep `mixer_or_blender` as the generic lab/pilot default, but document scope. Recommended options: - Use this item for low-detail mixing/blending where material behavior is not central. - Keep `powder_mixer` separate only if dry powder uniformity, dust containment, or powder metallurgy quality matters.",Confidence: high that the machine category is real; medium that a single 80 kg generic mixer covers all current uses.
molding_press,research/machines/molding_press.md,clear commercial/practical machine,low,"Real practical machine category, but likely duplicate or near-duplicate of `molding_press_basic`.",Prefer consolidation with `molding_press_basic` unless graphite molding needs a distinct service class. Recommended options: - Use `molding_press_basic` as the canonical basic molding press for ordinary compression molding and cold/warm pressing. - Keep `molding_press` only if it is redefined as a graphite-specific or powder-compaction press with explicit differences.,Confidence: high that molding presses are real; high that this item overlaps with `molding_press_basic`; medium on whether `graphite_molding_v0` needs specialized equipment.
molding_press_basic,research/machines/molding_press_basic.md,generic/ambiguous/duplicate needing cleanup,high,"real practical machine, but broad.","Keep as a real machine, but clarify scope. Recommended future wording: ""basic hydraulic compression/powder molding press."" If polymer housings are intended to be injection molded, do not use this as a substitute for an injection molding machine. If rubber, silicone, composites, and thermosets are intended, add heated platen capability and mold tooling. If ceramic/powder metallurgy green pressing is intended, add die/punch/ejector tooling and pressure capacity.","Confidence: high that the machine is real; medium that one basic press covers all current polymer, rubber, silicone, ceramic, and powder-metal uses."
mre_reactor_v0,research/machines/mre_reactor_v0.md,experimental or uncertain commercial maturity,high,"real experimental/pilot technology, not mature commodity equipment.","Keep `mre_reactor_v0`, but mark it as advanced experimental ISRU equipment rather than a mature commodity machine. Recommended cleanup when KB edits are allowed: - Expand the display name to ""Molten regolith electrolysis reactor"" so `MRE` is not opaque. - Keep it distinct from ordinary electrolysis cells and generic chemical reactors.",Confidence: high that the technology is real; medium on the KB mass and build assumptions because the technology is still maturing.
multimeter_set,research/machines/multimeter_set.md,"tooling/instrument/consumable resource",high,real practical tool set / instrument bundle.,Keep `multimeter_set` as a real reusable tool/instrument bundle. Recommended cleanup when KB edits are allowed: - Consolidate lingering `multimeter_digital` references into `multimeter_set` unless a single imported DMM is specifically needed. - Keep this item distinct from `test_equipment_electronics` only when a process needs basic DMM functions and not a full bench-instrument suite.,Confidence: high that the tool set is real and useful.
oscilloscope_basic,research/machines/oscilloscope_basic.md,"tooling/instrument/consumable resource",high,real practical instrument.,"Keep as a real imported instrument. For realism, keep `oscilloscope_basic` as a distinct instrument when processes specifically require waveform observation. Also allow broader recipes or machine sets such as `test_equipment_electronics` to include it as a component. Avoid modeling local manufacture in detail unless electronics closure becomes a priority; imported precision ADCs, displays, references, and probes are reasonable boundary assumptions.",Confidence: high that the item represents real practical equipment and that the import status is realistic.
pcb_development_station,research/machines/pcb_development_station.md,"subsystem/station/infrastructure, not single machine",medium,real practical process station / submodule.,"Keep as a real PCB wet-process station, but clarify scope. Recommended cleanup when KB edits are allowed: - Rename or annotate as ""PCB photoresist development station"" or ""PCB develop/rinse station."" - Keep it as a component/subsystem of `pcb_fab_equipment` unless separate capacity modeling is needed.",Confidence: high that the station is real as a PCB lab subsystem; medium on current mass and whether a separate ID is necessary.
pcb_fab_equipment,research/machines/pcb_fab_equipment.md,"subsystem/station/infrastructure, not single machine",medium,real practical equipment bundle or station.,"Keep as a station/tool bundle for now, but clarify scope. Recommended note: ""Aggregated small PCB prototyping/fabrication station for simple single- and double-sided boards; includes exposure, develop/etch, drilling, and surface finish equipment. Does not represent advanced multilayer industrial PCB fabrication.""",Confidence: high that this is real as a practical equipment bundle; medium on the current mass because component scope is not fully explicit.
pellet_press,research/machines/pellet_press.md,"tooling/instrument/consumable resource",high,"real practical machine/tooling system, but current KB implementation is incomplete.","Keep as a real item, but revise mass/BOM and scope. Recommended future wording: ""laboratory/pilot powder pellet press with die set."" Add explicit components: press frame, hydraulic or screw actuator, die set(s), load/pressure measurement, ejector, optional hopper, and controls if automatic. If the KB uses it for catalyst pellets and regolith cathode pellets, a lab/pilot powder pellet press is appropriate. If it is meant for high-throughput bulk pelletizing, split a larger `pellet_mill` or `briquetting_press`.","Confidence: high that pellet presses are real; high that the KB BOM is incomplete; medium on whether one press covers all catalyst, regolith, and powder metallurgy uses."
plastic_extruder,research/machines/plastic_extruder.md,generic/ambiguous/duplicate needing cleanup,high,"real practical machine, modeled as a generic small single-screw plastic extruder.","Keep `plastic_extruder` as a real machine, but consider clarifying the item name or notes to ""small single-screw plastic extruder"" if future KB edits are allowed. The current ID is acceptable as a generic capacity provider. Recommended interpretation: - Keep as a machine, not a part or placeholder. - Treat as a generic small single-screw extruder suitable for profiles, simple sheet/gasket stock, and coarse filament/profile output.",Confidence: high.
plate_rolling_mill,research/machines/plate_rolling_mill.md,clear commercial/practical machine,low,real practical machine.,"Keep `plate_rolling_mill` as the canonical rolling mill. Recommended cleanup when KB edits are allowed: - Clarify in notes or display name that this is a flat rolling/reduction mill, not a roll-bending machine for curved shells. - Keep the current consolidation decision: use this for generic rolling operations unless a process needs a materially different mill.",Confidence: high that the machine is real; medium on whether one canonical mill can cover all current materials and section sizes.
powder_mixer,research/machines/powder_mixer.md,generic/ambiguous/duplicate needing cleanup,high,"real practical machine, but generic category rather than one exact design.","Keep `powder_mixer` as a real machine, but clarify the subtype if future KB edits are allowed. Recommended interpretation: - Keep as a small powder blender for metal/ceramic powders. - Do not collapse into `cement_mixer_small`; concrete/cement mixing and powder metallurgy blending have different contamination, dust, uniformity, and cleaning requirements.",Confidence: high that powder mixers are real and that the KB item is plausible; medium on whether this should be a distinct imported machine rather than a variant of a broader mixer item.
power_conditioning_equipment,research/machines/power_conditioning_equipment.md,"subsystem/station/infrastructure, not single machine",medium,real practical equipment category / bundled electrical subsystem.,"Keep as a system-level imported or locally assembled subsystem, but clarify scope. Recommended future wording: ""Integrated power conditioning cabinet for solar/thermionic generation: inverters, DC/DC conversion, voltage regulation, protection, filters, and controls."" If future recipes require a specific electrical function, use a specific item (`inverter_dc_to_ac_v0`, `power_supply_dc_high_current_v0`, etc.) rather than this broad umbrella.",Confidence: high that the equipment category is real; medium that the single 80 kg generic item is the right abstraction for all current uses.
power_distribution_bus,research/machines/power_distribution_bus.md,"subsystem/station/infrastructure, not single machine",medium,"real practical electrical infrastructure/equipment, not a manufacturing machine.","Keep `power_distribution_bus`, but describe it as electrical distribution infrastructure rather than a machine. Specific recommendation: - Keep as a real equipment item. - Consider renaming/displaying as ""power distribution busbar cabinet"" or ""busbar distribution assembly"" if future KB edits are allowed.",Confidence: high that the equipment is real and useful; high that it is infrastructure rather than a production machine.
power_hammer_or_press,research/machines/power_hammer_or_press.md,generic/ambiguous/duplicate needing cleanup,high,"real practical machine category, but broad/ambiguous name.","Keep for now, but rename or clarify. Best recommendation: interpret the current item as `forging_power_hammer_basic` because the BOM includes a hammer frame, hammer head, drive motor, and anvil block. If the KB later needs sustained-pressure forging or closed-die press forging, model that separately as `forging_press_basic` or reuse an existing `hydraulic_press`/`forging_press_v0` after dedupe review.","Confidence: high that the equipment category is real and relevant; medium that the current combined ""hammer or press"" ID is the cleanest KB abstraction."
power_supply_benchtop,research/machines/power_supply_benchtop.md,"tooling/instrument/consumable resource",high,real practical instrument.,"Keep `power_supply_benchtop` as a real low-power test instrument. Recommended cleanup when KB edits are allowed: - Consider moving path/classification consistency: the file is under `parts` but declares `kind: machine`. - Keep it distinct from high-current electrolysis, welding, hot-wire, and furnace power supplies.",Confidence: high that the item is real and useful.
precision_lathe,research/machines/precision_lathe.md,clear commercial/practical machine,low,Real practical machine.,"Keep `precision_lathe` as a real high-value imported machine. Recommended boundaries: - Keep it distinct from `lathe_engine_v0`; use the smaller engine lathe for general turning and this item for tight-tolerance leadscrews, ball screws, headstocks, bores, and precision shafts. - Do not merge turning operations into `cnc_mill`; turning and milling are different process geometries.",Confidence: high that the machine is real and correctly separated from generic engine-lathe capability; medium on whether the current KB recipes fully capture the metrology and scraping/grinding burden.
precision_levels,research/machines/precision_levels.md,"tooling/instrument/consumable resource",high,Real practical metrology tool set.,"Keep `precision_levels`, but classify or describe it as calibrated metrology tooling rather than a machine. Recommended refinements: - Rename or alias conceptually to `precision_level_set` or `precision_machinist_levels`. - Keep the 0.02 mm/m target; it is commercially realistic. - Add explicit components for precision vial/electronic level sensor, adjustment hardware, protective case, and calibration/reference procedure.",Confidence: high that the item is real and commercially available; high that the KB mass and accuracy are plausible; medium on whether local manufacture is realistic without importing the vial/sensor and calibration reference.
precision_tooling_set,research/machines/precision_tooling_set.md,"tooling/instrument/consumable resource",high,"real practical tooling set, not a standalone machine.","Keep the concept, but reclassify it as precision tooling/consumables rather than a machine. Recommended future cleanup: - Keep `cutting_tools_general` for broad manual/basic cutting. - Use `precision_tooling_set` for precision machine-tool cutters. - Add explicit specialty tooling where a process needs gear hobs, broaches, thread taps, boring heads, or carbide inserts.",Confidence: high that the item is real and useful; high that it is tooling rather than a machine; medium on whether the current recipe covers the desired carbide/toolholder sophistication.
press_brake,research/machines/press_brake.md,clear commercial/practical machine,low,real practical machine.,"Keep `press_brake` as a real practical machine, but continue treating it as a specialized forming resource. Recommended cleanup when KB edits are allowed: - Keep the item distinct from `plate_rolling_mill` for straight-line bending and matched punch/die work. - Avoid using it as a catch-all forming press. For generic pressing, use a hydraulic/forming press; for curved plates, use a roller; for high-volume stamped parts, use a stamping press.",Confidence: high that the machine is real and that the KB function is plausible.
press_brake_die_set,research/machines/press_brake_die_set.md,"tooling/instrument/consumable resource",high,"Real practical tooling set, not a standalone machine.","Keep the item, but treat it explicitly as tooling. Recommended options: - Rename or annotate as `press_brake_tooling_set` if the KB wants clearer language. - Change `kind` from `machine` to a tooling/part category when schema support allows it, while preserving process requirements through a tooling requirement field.","Confidence: high that this is a real, necessary tooling set; high that the current 40 kg value is plausible for a basic set; medium on exact recipe hours because heat treatment and precision grinding depend strongly on tooling length and tolerance."
press_ram_set,research/machines/press_ram_set.md,"tooling/instrument/consumable resource",high,"Real practical press component/tooling set, not a standalone machine.","Keep as tooling/component if needed, but do not count it as an imported machine. Recommended options: - Treat `press_ram_set` as a press tooling/accessory set. - Keep it paired with `hydraulic_press` or another actual press in process requirements. - Consider folding it into `pressing_mold_set` or press tooling requirements if it is only a generic adapter inventory.",Confidence: high that press rams/accessories are real; high that the item is not a standalone machine; medium on whether it deserves a separate KB item instead of being included with press tooling.
pressing_mold_set,research/machines/pressing_mold_set.md,"tooling/instrument/consumable resource",high,"Real practical tooling set, not a standalone machine.","Keep the item, but classify it conceptually as press tooling. Recommended options: - Keep `pressing_mold_set` separate from `pellet_press` and `hydraulic_press`. - Treat it as reusable tooling/part set rather than a machine when schema support allows. - Preserve generic use for coarse modeling, but add part-specific molds where geometry matters, such as ferrite toroids, regolith bricks, battery electrodes, or ceramic blocks.","Confidence: high that the item represents real practical tooling; high that it should not be treated as a standalone machine; medium on whether one generic mold set should cover all current powder, ferrite, ceramic, and regolith geometries."
pyrolysis_chamber_v0,research/machines/pyrolysis_chamber_v0.md,generic/ambiguous/duplicate needing cleanup,high,"Real practical reactor category, but specialized and not yet a commodity generic machine.","Keep the item as a methane-pyrolysis-specific reactor, not a generic high-temperature chemical reactor. Recommended options: - Rename or document as `methane_pyrolysis_reactor_v0` if that is its only current use. - Keep separate from `chemical_reactor_basic`; methane pyrolysis has distinct high-temperature gas/carbon-handling requirements.",Confidence: high that methane pyrolysis reactors are real; medium that a simple 120 kg chamber adequately models the KB process without additional gas/carbon handling equipment.
quench_tank,research/machines/quench_tank.md,clear commercial/practical machine,low,"real practical machine/equipment, with a spectrum from simple tank to controlled industrial quench system.","Keep `quench_tank` as a real machine/equipment item. Recommended interpretation: - Keep as a small controlled quench tank, not merely a passive container. - The BOM is realistic in concept: tank shell, agitation, lid/basket, sensors, and controls are all plausible. - Consider clarifying whether the modeled quench medium is water, oil, or polymer for each heat-treatment process. The equipment and safety requirements differ.",Confidence: high.
reduction_furnace_v0,research/machines/reduction_furnace_v0.md,generic/ambiguous/duplicate needing cleanup,high,"real practical machine category, but broad.","Keep `reduction_furnace_v0` as a real machine category, but narrow the description to ""compact controlled-atmosphere reduction furnace"" or ""pilot-scale metal oxide reduction furnace."" Do not treat one generic reduction furnace as fully interchangeable across every reduction route. Future KB work should distinguish at least:",Confidence: high that reduction furnaces are real and relevant; medium that the KB item's broad capabilities can be represented by one compact machine.
refractory_installation_tools,research/machines/refractory_installation_tools.md,"tooling/instrument/consumable resource",high,"real practical tool kit / equipment bundle, not a standalone machine.","Keep the item, but rename/interpret it as a tool kit. Specific recommendation: - Keep as real practical tooling for refractory work. - Treat as `refractory_installation_toolkit` or ""refractory lining tool kit"" if future edits are allowed. - Do not model this as a machine unless the simulator needs all capacity providers under `kind: machine`.",Confidence: high that the function is real; high that the current item is a toolkit/bundle rather than a single machine.
resource_3d_printer_cartesian_v0_machine,research/machines/resource_3d_printer_cartesian_v0_machine.md,generic/ambiguous/duplicate needing cleanup,high,"real practical machine, with duplicate/naming issues.","Keep the machine concept, but deduplicate and clarify capability. Recommended future cleanup: - Use one canonical basic FDM/FFF printer item unless the `resource_` prefix has a schema meaning. - Reserve `resource_3d_printer_cartesian_v0_machine` for a specific Cartesian printer if embedded SMA printing requires special toolheads or process controls.",Confidence: high that the machine is real; high that the KB has duplicate printer concepts; medium on whether embedded SMA printing requires a special printer variant.
rock_crusher_basic,research/machines/rock_crusher_basic.md,generic/ambiguous/duplicate needing cleanup,high,real practical machine / broad but acceptable category.,"Keep `rock_crusher_basic` as the canonical coarse crusher. The item is realistic and useful as a generic imported machine. If refined later, document it specifically as a small jaw crusher rather than ""jaw or cone"" because the current BOM and recipe are jaw-crusher shaped. Do not split unless the KB needs separate throughput classes; the existing 5x magnitude reuse policy supports keeping one coarse item.",Confidence: high that this is a real practical machine and appropriate for the KB.
rolling_mill_v0,research/machines/rolling_mill_v0.md,clear commercial/practical machine,low,"Real practical machine, but likely redundant with `plate_rolling_mill`.","Prefer consolidation with `plate_rolling_mill` unless a smaller shop-scale variant is intentional. Recommended options: - Use `plate_rolling_mill` as the canonical item for flat rolling/reduction of ingots, billets, sheet, plate, strip, and bar. - Keep `rolling_mill_v0` only if it is explicitly defined as a smaller shop/lab rolling mill for limited stock sizes.",Confidence: high that rolling mills are real; high that this item overlaps with `plate_rolling_mill`; medium on whether a smaller variant is intentionally needed for electrical steel sheet production.
sand_casting_flask_set,research/machines/sand_casting_flask_set.md,"tooling/instrument/consumable resource",high,"real practical tooling set, not a machine in the ordinary sense.","Keep the concept, but clarify it as reusable foundry tooling. Recommended future KB wording: ""Reusable cope/drag flask tooling for sand casting; not consumed by the process."" If schema flexibility allows, this would be better as `kind: part` or `kind: tooling`, but under the current resource requirement model it is acceptable as a machine-like capacity provider.",Confidence: high that this is real practical foundry tooling and appropriate for sand casting.
saw_or_cutting_tool,research/machines/saw_or_cutting_tool.md,"tooling/instrument/consumable resource",high,real practical hand tool / generic name needs cleanup.,"Keep the item, but rename or annotate it as a specific manual saw. Recommended cleanup when KB edits are allowed: - Rename display name to ""Hand hacksaw"" or ""Manual metal-cutting saw"" rather than ""Saw or cutting tool"". - Keep the 1 kg mass for a hand saw with spare blade/hardware. - Use `cutting_tools_general` for a broader manual cutting kit and `metal_shear_or_saw` for heavier shop cutting.",Confidence: high that the item is real as a hand saw; medium that every current process reference is the best fit.
screening_equipment,research/machines/screening_equipment.md,clear commercial/practical machine,low,real practical machine category.,"Keep as a real generic screening/sieving machine. Recommended future wording: ""Compact vibratory screen/sieve classifier for regolith, aggregate, and powder size fractions."" If the KB later needs high-throughput mining screens or fine metal-powder classification, add scale/capability variants or use `metal_powder_sieving_system_v0` for powder-specific needs.",Confidence: high that the equipment is real and appropriate; medium that one 56 kg item covers all current scale and powder/aggregate use cases.
sintering_furnace_v0,research/machines/sintering_furnace_v0.md,generic/ambiguous/duplicate needing cleanup,high,"real practical machine category, but the current KB status is internally inconsistent.","Keep the concept as real, but resolve the deprecation inconsistency. Recommended path: if all current sintering processes can tolerate a generic high-temperature furnace, replace their machine references with `furnace_basic` or `furnace_high_temp` and remove this item from the imported self-reproducing set. If any processes need controlled atmosphere, vacuum, clean hot zone, or powder/ceramic sintering cycle control, retain this item and rename it to something more specific such as `controlled_atmosphere_sintering_furnace_v0` or `vacuum_sintering_furnace_v0`.",Confidence: high that the machine category is real and relevant; high that the current deprecated note conflicts with active usage; medium on the best consolidation target.
solar_array_v0,research/machines/solar_array_v0.md,"subsystem/station/infrastructure, not single machine",medium,"real practical infrastructure/equipment, not a manufacturing machine.","Keep `solar_array_v0`, but treat it as installed power infrastructure/equipment rather than a machine. Specific recommendation: - Keep the item as real and practical. - Keep PV modules imported unless the KB adds a serious photovoltaic manufacturing chain. - Clarify scope if future KB edits are allowed: ""small installed PV array with BOS"" or split `solar_array_v0` into PV modules, racking/mount, power conditioning, and installation.",Confidence: high that the item is real and useful; high that it is infrastructure rather than a machine in the normal manufacturing sense.
solar_tracking_optional,research/machines/solar_tracking_optional.md,"subsystem/station/infrastructure, not single machine",medium,"Real practical equipment/subsystem, not a manufacturing machine.","Keep the item, but classify it as optional solar infrastructure/equipment rather than a generic machine. Recommended refinements: - Rename or scope as `solar_tracker_single_axis_small` if the intended scale is one small array. - If dual-axis concentrator tracking is needed, model that separately because the structure, precision, control, and maintenance burden are different.","Confidence: high that solar trackers are real and practical; high that the KB decomposition is directionally realistic; medium on the 121.5 kg mass because tracker mass depends on panel area, wind/launch/lunar loads, axis count, bearings, and foundations."
soldering_station,research/machines/soldering_station.md,"tooling/instrument/consumable resource",high,real practical bench tool/station.,"Keep as a real reusable bench station. Recommended future clarification: ""Temperature-controlled hand soldering station for wiring, through-hole work, PCB touch-up, and low-volume electronics assembly."" Do not treat it as a full PCB production line. For SMT boards, pair it with solder paste/reflow equipment or keep those processes separate.",Confidence: high that the item is real and appropriate.
spinning_machine_v0,research/machines/spinning_machine_v0.md,generic/ambiguous/duplicate needing cleanup,high,"real practical machine, but overloaded in the KB.","Split or retarget the overloaded usage. Recommended cleanup: - Keep `spinning_machine_v0` as the textile/fiber/yarn spinning machine. - Add or reuse a separate machine for metal spinning, such as `metal_spinning_lathe_v0` or `cnc_metal_spinning_machine_v0`. - Update `metal_spinning_process_v0` to require the metal-spinning machine, not `spinning_machine_v0`.",Confidence: high that the current item is real for textile spinning; high that the metal-spinning usage is a mismatch.
stamping_press_basic,research/machines/stamping_press_basic.md,clear commercial/practical machine,low,"Real practical machine, but the KB name is broad and the current ""basic"" model should be treated as a low-end hydraulic/mechanical stamping press plus die/tooling, not as a complete high-speed lamination line.","Keep the machine concept, but clarify it. Recommended options: - Rename to `c_frame_stamping_press_basic` or `hydraulic_stamping_press_basic` if this is intended to represent the current welded-frame hydraulic build recipe. - Keep `stamping_press_basic` only as a generic imported capability if the KB intentionally abstracts away drive type and tonnage.",Confidence: high that stamping presses are real and appropriate for sheet-metal punching/lamination work; medium that the current 1000 kg hydraulic C-frame model is adequate for the specific KB lamination rates.
steel_forming_press,research/machines/steel_forming_press.md,clear commercial/practical machine,low,real practical machine category.,"Keep the item, but consider renaming or clarifying it as `hydraulic_metal_forming_press` or adding notes that `steel_forming_press` means a generic hydraulic metal-forming press. Do not split it immediately for the current processes. The existing KB usage needs generic forming capacity, and the BOM is plausible. If later processes require precision straight bends, high-rate stamping, deep drawing, or hot forging, use more specific machines such as `press_brake`, `stamping_press_basic`, `deep_draw_press`, or `forging_press_v0`.",Confidence: high that the machine category is real and practical; medium that the 670 kg KB machine can cover all current steel shell and sheet-forming use cases.
surface_grinder,research/machines/surface_grinder.md,clear commercial/practical machine,low,Real practical machine.,"Keep `surface_grinder` as a real machine. Recommended refinements: - Preserve it as the default flat-surface precision grinder, as existing dedupe notes already suggest. - Do not use it as the only grinder for cylindrical rolls, bearing races, balls, or internal/external diameters; use cylindrical/bearing-specific grinders where geometry matters.","Confidence: high that the item is real; high that the KB mass/BOM are plausible; medium that all current process references are scoped correctly because some finishing/polishing processes may need lapping, polishing, or cylindrical grinding instead."
surface_treatment_station,research/machines/surface_treatment_station.md,clear commercial/practical machine,low,Real practical machine.,"Keep `surface_treatment_station` as a real generic wet-chemical surface-treatment machine. Recommended refinements: - Define its scope as wet chemical cleaning, etching, pickling, passivation, anodizing, and coating preparation. - Avoid using it for paint, epoxy, powder coating, spray coating, drying/curing, or photoresist spin coating; those should use `coating_station` or `spin_coating_station_v0`.",Confidence: high that the item is real; high that the BOM is directionally plausible for a compact wet-process station; medium that current process scoping is clean because `surface_treatment_basic_v0` currently mentions simple protective coatings as well as wet chemical prep.
temperature_sensing,research/machines/temperature_sensing.md,"tooling/instrument/consumable resource",high,"Real practical instrumentation category, but not a machine and not a good single imported item.",Treat `temperature_sensing` as superseded. Do not keep it in an imported machine list as a real machine. Recommended handling: - Remove `temperature_sensing` from imported-machine lists once references are migrated. - Use `thermocouple_contact_temperature_sensor_v0` plus `temperature_controller_module` for ordinary furnace/platen/shell feedback.,Confidence: high that the category is real; high that it should remain deprecated and replaced with specific sensor assemblies; high that it is instrumentation rather than a machine.
tension_control_system,research/machines/tension_control_system.md,"subsystem/station/infrastructure, not single machine",medium,real practical subsystem / generic industrial equipment category.,"Keep, but treat as a generic subsystem rather than a single highly specific machine. Recommended wording if the KB is later edited: rename or document it as `tension_control_subsystem` for fiber/wire/web handling. The current 25 kg mass is plausible for a compact industrial subsystem with frame, sensor, brake/drive, and electronics. The recipe is also directionally plausible, although it duplicates some BOM concepts and should eventually align component names with the BOM.",Confidence: high that this represents real industrial equipment and is needed for fiber drawing/winding realism.
tension_gauge,research/machines/tension_gauge.md,"tooling/instrument/consumable resource",high,"real practical instrument/tooling item, but probably not a machine.","Keep the object, but consider reclassifying it as a tool/instrument rather than a machine. Recommended future cleanup: - Treat `tension_gauge` as a portable measurement tool or calibration instrument. - Use it as a component of `tension_control_system` where continuous feedback is needed. - Avoid requiring it as a full machine unless the schema has no better tooling category.",Confidence: high that the object is real and practical; high that it is better modeled as an instrument/tool than as a machine.
test_bench_electrical,research/machines/test_bench_electrical.md,"subsystem/station/infrastructure, not single machine",medium,Real practical workstation or test station bundle.,"Keep the item, but choose one interpretation and align the BOM/process usage. Recommended options: - If it is bench infrastructure, rename or note as `electrical_test_bench_infrastructure` and keep separate instrument requirements in processes. - If it is the canonical full electrical/electronics test capability, update future BOM/modeling to include or reference `multimeter_set`, `power_supply_benchtop`, `oscilloscope_basic`, test leads, loads, and signal generation as appropriate.",Confidence: high that electrical test benches are real and useful; medium on the current KB scope because the BOM and dedupe notes imply different levels of included instrumentation.
tube_bender,research/machines/tube_bender.md,clear commercial/practical machine,low,Real practical machine.,"Keep `tube_bender` as a real, distinct machine. Recommended options: - Keep separate from `press_brake`; tube bending and sheet bending use different tooling and constraints. - Add or document tube bending die sets/mandrels where bend quality matters. - Use hand/benchtop/hydraulic/CNC variants only if process scale or tolerance requires it.",Confidence: high that this is real and appropriate; medium on whether the KB needs mandrel/CNC features for all current tube processes.
uv_exposure_unit,research/machines/uv_exposure_unit.md,clear commercial/practical machine,low,Real practical machine.,"Keep the item as real PCB/photoresist equipment. Recommended options: - Keep separate from `pcb_development_station`; exposure and development are different process steps. - Keep as a component of `pcb_fab_equipment` where full PCB fabrication is abstracted. - Add or document mask/contact frame, timer, UV shielding, and alignment features if precision matters.",Confidence: high that the item is real and appropriate for simple PCB photoresist work; medium on the 100 kg mass and missing alignment/vacuum/timer details.
vacuum_pump_small,research/machines/vacuum_pump_small.md,clear commercial/practical machine,low,Real practical machine.,"Keep `vacuum_pump_small` as the canonical small vacuum pump. Recommended boundaries: - Treat it as a roughing/medium-vacuum pump unless a process states a deeper vacuum level. - For vacuum tubes, semiconductor-like processing, vacuum furnaces, and high-purity systems, require or document additional equipment: vacuum chamber, gauges, valves, traps/filters, high-vacuum pump stage, and bakeout/cleaning where appropriate.",Confidence: high that this is a real machine and a useful canonical KB item; medium on whether it is adequate for all current vacuum-tube and furnace usages without a higher-vacuum stage.
vapor_capture_system_v0,research/machines/vapor_capture_system_v0.md,"subsystem/station/infrastructure, not single machine",medium,real practical subsystem/system category.,"Keep as a real system category, but narrow or split by volatile class. For lunar water extraction, the current BOM is reasonable as a small vapor capture/cold-trap subsystem. Recommended wording: ""water vapor capture and cold-trap condensation system for thermal regolith extraction."" If the same item is used for HCl, ammonia, Mg vapor, or high-temperature metal vapors, add process-specific variants or note compatible materials and capture temperatures.",Confidence: high that the item is real and relevant; medium that one 80 kg system covers all current chemical uses.
vibrating_screen_v0,research/machines/vibrating_screen_v0.md,clear commercial/practical machine,low,real practical machine.,"Keep as a real vibrating-screen subtype, but review overlap with `screening_equipment`. Recommended cleanup when KB edits are allowed: - If `screening_equipment` is intended to mean a vibrating screen, consolidate references into one canonical item. - If both remain, document `screening_equipment` as a broader screening kit/station and `vibrating_screen_v0` as the concrete vibrating deck machine.",Confidence: high that the machine is real and useful.
vibratory_feeder_v0,research/machines/vibratory_feeder_v0.md,clear commercial/practical machine,low,real practical machine.,"Keep `vibratory_feeder_v0` as a real imported/manufacturable machine. Recommended cleanup when KB edits are allowed: - Rename or annotate display name as ""Bulk-material vibratory feeder"" or ""Vibratory trough feeder"" to distinguish it from small parts-orienting bowl feeders. - Keep the current BOM structure. The trough, vibration motor set, welded frame, controller/sensor package, power conditioning, and fasteners are realistic subsystem categories.",Confidence: high that the item represents a real practical machine and that the KB usage is plausible.
welding_consumables,research/machines/welding_consumables.md,"tooling/instrument/consumable resource",high,"real consumable material set, not a machine.","Keep the concept, but reclassify as consumable material inventory rather than a machine. Recommended future cleanup: - Split by process/material where needed: steel stick electrodes, TIG filler rods, MIG wire, aluminum filler wire, stainless filler, tungsten electrodes, flux, shielding gas. - Treat mass as consumed by welding recipes.",Confidence: high that welding consumables are real; high that the item is misclassified as a machine; medium on the best split by welding process.
welding_power_supply_v0,research/machines/welding_power_supply_v0.md,clear commercial/practical machine,low,Real practical machine.,"Keep `welding_power_supply_v0` as a real welding machine. Recommended refinements: - Define it as a general CC/CV arc-welding power source for basic structural welding unless a process-specific welder is required. - Keep `welding_tig_unit_v0` for complete TIG/GTAW systems with shielding gas, torch, coolant, and precision weld controls.",Confidence: high that this is real and necessary; high that 99 kg is plausible for a shop-grade system; medium on scope because the BOM includes torch/cables and overlaps with complete process-specific welders.
welding_tig_unit_v0,research/machines/welding_tig_unit_v0.md,clear commercial/practical machine,low,real practical machine.,"Keep the item. Recommended clarification: describe it as a complete TIG/GTAW welding station rather than only a ""unit."" The current BOM is realistic at the functional level, but it mixes gas cylinder inventory, manifolds, cooling, power electronics, and controls into one machine. That is acceptable for the current conservative KB model.",Confidence: high that the machine is real and practical; high that it matches the KB's current welding processes.
welding_tools_set,research/machines/welding_tools_set.md,"tooling/instrument/consumable resource",high,"real tool/accessory/PPE kit, not a standalone welding machine.","Keep the concept, but reclassify it as welding tools/PPE/accessories rather than a machine. Do not use `welding_tools_set` alone as the machine that performs welding. Welding processes should require both an appropriate welding machine, such as `welding_tig_unit_v0` or `welding_arc_welder_v0`, and this tool/PPE/accessory kit where manual welding is modeled.",Confidence: high that the item is real as a kit; high that it is not a standalone machine.
winding_drums,research/machines/winding_drums.md,"tooling/instrument/consumable resource",high,"Real practical subassembly/tooling set, not a standalone machine.","Keep as a subassembly or tooling set, not a complete machine. Recommended options: - Treat `winding_drums` as a component of `winding_machine_v0` or fiber/wire take-up equipment. - For electrical coils, use `coil_winding_machine` rather than bare winding drums. - For basalt fiber, pair winding drums with tension control, traverse, speed control, and upstream fiber production equipment.",Confidence: high that winding drums are real; high that they are a subassembly rather than a standalone machine; medium on whether 51 kg matches the intended fiber/cable scale.
wire_crimping_tools,research/machines/wire_crimping_tools.md,"tooling/instrument/consumable resource",high,real practical tool kit/station; not a standalone industrial machine in the usual sense.,"Keep the item as real, but consider reclassifying in documentation as a tool kit or station rather than a machine if future KB edits are allowed. Recommended interpretation: - Keep as a capacity provider for wiring integration. - Prefer name/notes like ""wire crimping tool kit"" or ""hand/pneumatic crimping tools"" over a machine-like interpretation.",Confidence: high that the item is real; high that it is better described as a tool kit than a machine.
wire_drawing_die_set,research/machines/wire_drawing_die_set.md,"tooling/instrument/consumable resource",high,"Real practical tooling set, likely duplicate or near-duplicate of `drawing_die_set_basic`.",Prefer consolidation under Conservative Mode. Recommended options: - Use `drawing_die_set_basic` as the canonical generic wire drawing die set unless there is a specific reason to distinguish aluminum wire drawing from other wire drawing. - Keep `wire_drawing_die_set` only if it is intended to represent a smaller/light-duty or aluminum-specific die set; document that scope explicitly.,Confidence: high that the item is real tooling; high that it overlaps strongly with `drawing_die_set_basic`; medium on whether there is a hidden reason to keep an aluminum-specific variant.
wire_stripper_set,research/machines/wire_stripper_set.md,"tooling/instrument/consumable resource",high,"real practical hand-tool set, not a standalone machine.","Keep as a real tool set, but reclassify as electrical hand tooling rather than a machine. Recommended future cleanup: - Keep separate if wire/cable preparation is modeled explicitly. - Otherwise fold into `hand_tools_electrical`. - Use powered stripping machines only if high-volume harness production or scrap-wire processing is modeled.",Confidence: high.
work_rest_adjustable,research/machines/work_rest_adjustable.md,"tooling/instrument/consumable resource",high,"real practical accessory/tooling item, not a standalone powered machine.","Keep the concept, but treat it as a tooling/accessory component rather than an independent machine. Recommended KB realism change for later work: keep the current ID if it is specifically a grinder/polisher rest, and revise wording to ""adjustable grinder/polisher work rest."" If the lathe-support function is important, split a separate `steady_rest_adjustable` item for turning and cylindrical grinding. Do not merge this into labor-bot tooling because it is a physical safety and accuracy component, not just an operator action.",Confidence: high that adjustable work rests are real and relevant; high that the KB item is over-classified as a machine; medium on whether the intended scope includes lathe steady rests.
