source_row_number,item,qty,cad_file,description_product_id,manufacturer,canonical_step_path,export_status,export_kind,source_object_name,source_object_label,parent_assembly,instance_count_found,alternate_step_paths,notes
2,1A1,1,1A1_back_plate,,,gold_export/parts/1A1_back_plate.step,matched_existing,part,Part__Feature155,1A1_back_plate,,1,,
3,1A2,1,1A2_flange_schlieren_imaging,,,gold_export/parts/1A2_flange_schlieren_imaging.step,matched_existing,part,Part__Feature156,1A2_flange_schlieren_imaging,,1,,
4,1A3,1,1A3_mounting_plate_flow_rectifier,SM2A53 Adapter: External,,gold_export/parts/1A3_mounting_plate_flow_rectifier.step,matched_existing,part,Part__Feature157,1A3_mounting_plate_flow_rectifier,,1,,
5,1A41,1,1A41_SM2A53-Step,"M52x0,75; Internal SM2 Threads",Thorlabs,gold_export/parts/1A41_SM2A53-Step.step,matched_existing,vendor_component,Part__Feature158,1A41_SM2A53-Step,,1,,
6,1A42,1,1A42_flange_schlieren_imaging,,,gold_export/parts/1A42_flange_schlieren_imaging.step,matched_existing,part,Part__Feature159,1A42_flange_schlieren_imaging,,1,,
7,1A51,1,1A51_seal,,Lisema,gold_export/parts/1A51_seal.step,matched_existing,vendor_component,Part__Feature160,1A51_seal,,1,,
8,1A52,1,1A52_cover,,,gold_export/parts/1A52_cover.step,matched_existing,part,Part__Feature161,1A52_cover,,1,,
9,1B1,1,1B1_door_plate,,,gold_export/parts/1B1_door_plate.step,matched_existing,part,Part__Feature162,1B1_door_plate,,1,,
10,1B2,1,1B2_handle,GN 328.5-140-B-GS,GanterNorm,gold_export/parts/1B2_handle.step,matched_existing,vendor_component,Part__Feature163,1B2_handle,,1,,
11,1B3,1,1B3_flange_schlieren_imaging,,,gold_export/parts/1B3_flange_schlieren_imaging.step,matched_existing,part,Part__Feature164,1B3_flange_schlieren_imaging,,1,,
12,1B41,1,1B41_glas,,Laservision,gold_export/parts/1B41_glas.step,matched_existing,vendor_component,Part__Feature165,1B41_glas,,1,,
13,1B42,2,1B42_seal,,Lisema,gold_export/parts/1B42_seal.step,matched_existing,vendor_component,Part__Feature166,1B42_seal,,1,,
14,1B43,1,1B43_frame,SM2A53 Adapter: External,,gold_export/parts/1B43_frame.step,matched_existing,part,Part__Feature168,1B43_frame,,1,,
15,1B51,1,1B51_SM2A53-Step,"M52x0,75; Internal SM2 Threads",Thorlabs,gold_export/parts/1B51_SM2A53-Step.step,matched_existing,vendor_component,Part__Feature169,1B51_SM2A53-Step,,1,,
16,1B52,1,1B52_flange_schlieren_imaging,,,gold_export/assemblies/1B50_schlieren_imaging_door.step,assembly_only,assembly,_1B50_schlieren_imaging_door,1B50_schlieren_imaging_door,1B50_schlieren_imaging_door,0,,No 1B52-prefixed product was found in the raw STEP; BOM row appears collapsed into the 1B50 schlieren imaging door assembly.
17,1B61,1,1B61_seal,,Lisema,gold_export/assemblies/1B50_schlieren_imaging_door.step,assembly_only,assembly,_1B50_schlieren_imaging_door,1B50_schlieren_imaging_door,1B50_schlieren_imaging_door,0,,No 1B61-prefixed product was found in the raw STEP; BOM row appears collapsed into the 1B50 schlieren imaging door assembly.
18,1B62,1,1B62_cover,"GN 820.2-Toggle clamps, Type MFC, U-bar version, with two",,gold_export/assemblies/1B50_schlieren_imaging_door.step,assembly_only,assembly,_1B50_schlieren_imaging_door,1B50_schlieren_imaging_door,1B50_schlieren_imaging_door,0,,No 1B62-prefixed product was found in the raw STEP; BOM row appears collapsed into the 1B50 schlieren imaging door assembly.
19,1C0,2,1C0_clamp_GN 820_2-230-MFC,flanged washers and GN spindle assembly,GanterNorm,gold_export/parts/1C0_clamp_GN 820_2-230-MFC.step,matched_existing,vendor_component,_1C0_clamp_GN_820_2_230_MFC,1C0_clamp_GN 820_2-230-MFC,,1,,
20,1D1,2,1D1_part_1,door hinge,Pfeiffer Vacuum,gold_export/parts/1D1_part_1.step,matched_existing,vendor_component,Part__Feature184,1D1_part_1,,1,,
21,1D2,2,1D2_part_2,door hinge,Pfeiffer Vacuum,gold_export/parts/1D2_part_2.step,matched_existing,vendor_component,Part__Feature185,1D2_part_2,,1,,
22,1D3,2,1D3_part_3,door hinge,Pfeiffer Vacuum,gold_export/parts/1D3_part_3.step,matched_existing,vendor_component,Part__Feature186,1D3_part_3,,1,,
23,1E,2,1E_adapter_hinge,,,gold_export/parts/1E_adapter_hinge.step,matched_existing,part,Part__Feature190,1E_adapter_hinge,,1,,
24,2A1,1,2A1_bottom,,,gold_export/parts/2A1_bottom.step,matched_existing,part,Part__Feature253,2A1_bottom,,1,,
25,2A2,1,2A2_back_plate,,,gold_export/parts/2A2_back_plate.step,matched_existing,part,Part__Feature254,2A2_back_plate,,1,,
26,2A3,1,2A3_slide_HGL15CA2R600Z0H_part_1,linear guide slide,Hiwin,gold_export/parts/2A3_slide_HGL15CA2R600Z0H_part_1.step,matched_existing,vendor_component,Part__Feature255,2A3_slide_HGL15CA2R600Z0H_part_1,,1,,
27,2A4,3,2A4_slide_HGL15CA2R600Z0H_part_2,linear guide slide,Hiwin,gold_export/parts/2A4_slide_HGL15CA2R600Z0H_part_2.step,matched_existing,vendor_component,Part__Feature256,2A4_slide_HGL15CA2R600Z0H_part_2,,1,,
28,2A51,2,2A51_linear_guide_HGL15CA2R600Z0H,linear guide rail,Hiwin,gold_export/parts/2A51_linear_guide_HGL15CA2R600Z0H.step,matched_existing,vendor_component,Part__Feature259,2A51_linear_guide_HGL15CA2R600Z0H,,1,,
29,2A6,1,2A6_left_plate,,,gold_export/parts/2A6_left_plate.step,matched_existing,part,Part__Feature261,2A6_left_plate,,1,,
30,2A7,1,2A7_right_plate,,,gold_export/parts/2A7_right_plate.step,matched_existing,part,Part__Feature262,2A7_right_plate,,1,,
31,2A8,1,2A8_left_distance_piece,,,gold_export/parts/2A8_left_distance_piece.step,matched_existing,part,Part__Feature263,2A8_left_distance_piece,,1,,
32,2A9,1,2A9_right_distance_piece,,,gold_export/parts/2A9_right_distance_piece.step,matched_existing,part,Part__Feature264,2A9_right_distance_piece,,1,,
33,2AA,1,2AA_left_support_plate,,,gold_export/parts/2AA_left_support_plate.step,matched_existing,part,Part__Feature265,2AA_left_support_plate,,1,,
34,2AB,1,2AB_right_support_plate,,,gold_export/parts/2AB_right_support_plate.step,matched_existing,part,Part__Feature266,2AB_right_support_plate,,1,,
35,2AC1,1,2AC1_part_1,axis bearing bottom,,gold_export/assemblies/2AC0_bottom_axis_bearing_SLA10.step,assembly_only,assembly,_2AC0_bottom_axis_bearing_SLA10,2AC0_bottom_axis_bearing_SLA10,2AC0_bottom_axis_bearing_SLA10,0,,"Raw STEP contains 2AC1_part_1, but FreeCAD imports that label with zero solids; retained larger 2AC0 bottom-axis-bearing assembly as context."
36,2AC2,1,2AC2_part_2,axis bearing bottom,,gold_export/assemblies/2AC0_bottom_axis_bearing_SLA10.step,assembly_only,assembly,_2AC0_bottom_axis_bearing_SLA10,2AC0_bottom_axis_bearing_SLA10,2AC0_bottom_axis_bearing_SLA10,0,,"Raw STEP contains 2AC2_part_2, but FreeCAD imports that label with zero solids; retained larger 2AC0 bottom-axis-bearing assembly as context."
37,2AC3,1,2AC3_part_3,axis bearing bottom,,gold_export/assemblies/2AC0_bottom_axis_bearing_SLA10.step,assembly_only,assembly,_2AC0_bottom_axis_bearing_SLA10,2AC0_bottom_axis_bearing_SLA10,2AC0_bottom_axis_bearing_SLA10,0,,"Raw STEP contains 2AC3_part_3, but FreeCAD imports that label with zero solids; retained larger 2AC0 bottom-axis-bearing assembly as context."
38,2AC4,1,2AC4_part_4,axis bearing bottom,,gold_export/parts/2AC4_part_4.step,matched_existing,part,Part__Feature270,2AC4_part_4,,1,,
39,2AC5,1,2AC5_part_5,axis bearing bottom,,gold_export/parts/2AC5_part_5.step,matched_existing,part,Part__Feature271,2AC5_part_5,,1,,
40,2AC6,1,2AC6_part_6,axis bearing bottom,,gold_export/parts/2AC6_part_6.step,matched_existing,part,Part__Feature272,2AC6_part_6,,1,,
41,2AC7,1,2AC7_part_7,axis bearing bottom,,gold_export/parts/2AC7_part_7.step,matched_existing,part,Part__Feature273,2AC7_part_7,,1,,
42,2AC8,1,2AC8_part_8,axis bearing bottom,,gold_export/parts/2AC8_part_8.step,matched_existing,part,Part__Feature274,2AC8_part_8,,1,,
43,2AC9,1,2AC9_part_9,axis bearing bottom,,gold_export/parts/2AC9_part_9.step,matched_existing,part,Part__Feature275,2AC9_part_9,,1,,
44,2AD1,1,2AD1_part_1,axis bearing top,,gold_export/parts/2AD1_part_1.step,matched_existing,part,Part__Feature276,2AD1_part_1,,1,,
45,2AD2,1,2AD2_part_2,axis bearing top,,gold_export/parts/2AD2_part_2.step,matched_existing,part,Part__Feature277,2AD2_part_2,,1,,
46,2AD3,1,2AD3_part_3,axis bearing top,,gold_export/parts/2AD3_part_3.step,matched_existing,part,Part__Feature278,2AD3_part_3,,1,,
47,2AD4,1,2AD4_part_4,axis bearing top,,gold_export/parts/2AD4_part_4.step,matched_existing,part,Part__Feature279,2AD4_part_4,,1,,
48,2AD5,1,2AD5_part_5,axis bearing top,,gold_export/parts/2AD5_part_5.step,matched_existing,part,Part__Feature280,2AD5_part_5,,1,,
49,2AD6,1,2AD6_part_6,axis bearing top,,gold_export/parts/2AD6_part_6.step,matched_existing,part,Part__Feature281,2AD6_part_6,,1,,
50,2AD7,1,2AD7_part_7,axis bearing top,,gold_export/parts/2AD7_part_7.step,matched_existing,part,Part__Feature282,2AD7_part_7,,1,,
51,2AD8,1,2AD8_part_8,axis bearing top,,gold_export/parts/2AD8_part_8.step,matched_existing,part,Part__Feature283,2AD8_part_8,,1,,
52,2AD9,1,2AD9_part_9,axis bearing top,,gold_export/parts/2AD9_part_9.step,matched_existing,part,Part__Feature284,2AD9_part_9,,1,,
53,2ADA,1,2ADA_part_A,axis bearing top,,gold_export/parts/2ADA_part_A.step,matched_existing,part,Part__Feature285,2ADA_part_A,,1,,
54,2ADB,1,2ADB_part_B,axis bearing top,,gold_export/parts/2ADB_part_B.step,matched_existing,part,Part__Feature286,2ADB_part_B,,1,,
55,2ADC,1,2ADC_part_C,axis bearing top S5/0500 K+C glass scale S5 -,,gold_export/parts/2ADC_part_C.step,matched_existing,part,Part__Feature287,2ADC_part_C,,1,,
56,2AE,1,2AE_glass_scale_slide,measuring range 520 mm: slide S5/0500 K+C glass scale S5 -,K+C,gold_export/parts/2AE_glass_scale_slide.step,matched_existing,vendor_component,Part__Feature288,2AE_glass_scale_slide,,1,,
57,2AF1,1,2AF1_track,measuring range 520 mm: track,K+C,gold_export/parts/2AF1_track.step,matched_existing,vendor_component,Part__Feature289,2AF1_track,,1,,
58,2AG,1,2AG_cover_plate,,,gold_export/parts/2AG_cover_plate.step,matched_existing,part,Part__Feature290,2AG_cover_plate,,1,,
59,2AH,1,2AH_connection_mount,"R16-05T3-DEB-401-490- 0,023+E1_S21-10+E2_S11-",,gold_export/parts/2AH_connection_mount.step,matched_existing,part,Part__Feature291,2AH_connection_mount,,1,,
60,2AI,1,2AI_connection_axis,10+MR_E2_FILE_1: connection axis R16-05T3-DEB-401-490-,Karl Hipp GmbH,gold_export/parts/2AI_connection_axis.step,matched_existing,vendor_component,Part__Feature292,2AI_connection_axis,,1,,
61,2AJ1,1,2AJ1_axis,"0,023+E1_S21-10+E2_S11- 10+MR_E2_FILE_1: axis",Karl Hipp GmbH,gold_export/parts/2AJ1_axis.step,matched_existing,vendor_component,Part__Feature293,2AJ1_axis,,1,,
62,2AK1,4,2AK1_kinematic_bar,and hardened L = 400 mm,Dold Mechatronik,gold_export/parts/2AK1_kinematic_bar.step,matched_existing,vendor_component,Part__Feature294,2AK1_kinematic_bar,,1,,
63,2AL1,1,2AL1_gearbox_8GA40-060--025S2PF,8GA40-060--025S2PF,B&R,gold_export/parts/2AL1_gearbox_8GA40-060--025S2PF.step,matched_existing,vendor_component,Part__Feature298,2AL1_gearbox_8GA40-060--025S2PF,,1,,
64,2AL211,1,2AL211_motor,80MPF5.500D114-01_2 elastomer jaw coupling GN 2240-,B&R,gold_export/parts/2AL211_motor.step,matched_existing,vendor_component,Part__Feature299,2AL211_motor,,1,,
65,2AM1,1,2AM1_part_1,30-B8-14-AL-WS-1 elastomer jaw coupling GN 2240-,Ganternorm,gold_export/parts/2AM1_part_1.step,matched_existing,vendor_component,Part__Feature300,2AM1_part_1,,1,,
66,2AM2,1,2AM2_part_2,30-B8-14-AL-WS-1,Ganternorm,gold_export/parts/2AM2_part_2.step,matched_existing,vendor_component,Part__Feature301,2AM2_part_2,,1,,
67,2AN,1,2AN_motor_mount,,,gold_export/parts/2AN_motor_mount.step,matched_existing,part,Part__Feature302,2AN_motor_mount,,1,,
68,2AO1,1,2AO1_flange,,,gold_export/parts/2AO1_flange.step,matched_existing,part,Part__Feature303,2AO1_flange,,1,,
69,2AO2,1,2AO2_guidance,,,gold_export/parts/2AO2_guidance.step,matched_existing,part,Part__Feature304,2AO2_guidance,,1,,
70,2AP1,1,2AP1_spring_plate,,,gold_export/parts/2AP1_spring_plate.step,matched_existing,part,Part__Feature306,2AP1_spring_plate,,1,,
71,2AP2,1,2AP2_assembly_plate,,,gold_export/parts/2AP2_assembly_plate.step,matched_existing,part,Part__Feature307,2AP2_assembly_plate,,1,,
72,2AP3,1,2AP3_heating_plate,,,gold_export/parts/2AP3_heating_plate.step,matched_existing,part,Part__Feature308,2AP3_heating_plate,,1,,
73,2AP4,8,2AP4_bolt_DIN 7991 - M3x8,countersunk screw,,gold_export/parts/2AP4_bolt_DIN 7991 - M3x8.step,matched_existing,part,Part__Feature309,2AP4_bolt_DIN 7991 - M3x8,,1,,
74,2AP5,8,"2AP5_bolt_DIN 912 - M6x1x20x17,5",cylinder head cap screw,,"gold_export/parts/2AP5_bolt_DIN 912 - M6x1x20x17,5.step",matched_existing,part,Part__Feature317,"2AP5_bolt_DIN 912 - M6x1x20x17,5",,1,,
75,2AP6,1,2AP6_outer_seal,,Mercateo,,missing_in_cad,unknown,,,,0,,No 2AP6_outer_seal product or exported file was found; 2AP6_inner_seal exists and is mapped separately.
76,2AP6,1,2AP6_inner_seal,,Mercateo,gold_export/parts/2AP6_inner_seal.step,matched_existing,vendor_component,Part__Feature321,2AP6_inner_seal,,1,,
77,2AP7,1,2AP7_lifting_platform,Hexagon head bolts. Product,,gold_export/parts/2AP7_lifting_platform.step,matched_existing,part,Part__Feature322,2AP7_lifting_platform,,1,,
78,2AP8,4,2AP8_bolt_DIN EN ISO 4016 - M6x40,grade C,,gold_export/parts/2AP8_bolt_DIN EN ISO 4016 - M6x40.step,matched_existing,part,Part__Feature323,2AP8_bolt_DIN EN ISO 4016 - M6x40,,1,,
79,2AP9,1,2AP9_spring_block_front,,,gold_export/parts/2AP9_spring_block_front.step,matched_existing,part,Part__Feature331,2AP9_spring_block_front,,1,,
80,2APA,1,2APA_spring_block_right,,,gold_export/parts/2APA_spring_block_right.step,matched_existing,part,Part__Feature332,2APA_spring_block_right,,1,,
81,2APB,1,2APB_spring_block_back,,,gold_export/parts/2APB_spring_block_back.step,matched_existing,part,Part__Feature333,2APB_spring_block_back,,1,,
82,2APC,1,2APC_spring_block_left,,,gold_export/parts/2APC_spring_block_left.step,matched_existing,part,Part__Feature334,2APC_spring_block_left,,1,,
83,2APD,1,2APD_temperature_sensor,EF9-EF9G-PT100-2L-5.0,Sensorshop 24,gold_export/parts/2APD_temperature_sensor.step,matched_existing,vendor_component,Part__Feature335,2APD_temperature_sensor,,1,,
84,2APE,4,2APE_spacer_sleeve,,,gold_export/parts/2APE_spacer_sleeve.step,matched_existing,part,Part__Feature336,2APE_spacer_sleeve,,1,,
85,2APF,4,2APF_shim_disk,,,gold_export/parts/2APF_shim_disk.step,matched_existing,part,Part__Feature340,2APF_shim_disk,,1,,
86,2APG,1,2APG_pressing_plate,,,gold_export/parts/2APG_pressing_plate.step,matched_existing,part,Part__Feature344,2APG_pressing_plate,,1,,
87,2APH,1,2APH_felt_seal,,agrolager.de,gold_export/parts/2APH_felt_seal.step,matched_existing,vendor_component,Part__Feature345,2APH_felt_seal,,1,,
88,2API,1,2API_build_platform,,,gold_export/parts/2API_build_platform.step,matched_existing,part,Part__Feature346,2API_build_platform,,1,,
89,2APJ,1,2APJ_inner_seal_guide,,,gold_export/parts/2APJ_inner_seal_guide.step,matched_existing,part,Part__Feature352,2APJ_inner_seal_guide,,1,,
90,2APK1,1,2APK1_bottom,,,gold_export/parts/2APK1_bottom.step,matched_existing,part,Part__Feature347,2APK1_bottom,,1,,
91,2APK2,2,2APK2_front_back,,,gold_export/parts/2APK2_front_back.step,matched_existing,part,Part__Feature348,2APK2_front_back,,1,,
92,2APK3,2,2APK3_left_right,,,gold_export/parts/2APK3_left_right.step,matched_existing,part,Part__Feature350,2APK3_left_right,,1,,
93,2AQ,2,2AQ_inductive_sensor_mount,,,gold_export/parts/2AQ_inductive_sensor_mount.step,matched_existing,part,Part__Feature353,2AQ_inductive_sensor_mount,,1,,
94,2AR,1,2AR_end_switch_sensor_top,,,gold_export/parts/2AR_end_switch_sensor_top.step,matched_existing,part,Part__Feature355,2AR_end_switch_sensor_top,,1,,
95,2AS,1,2AS_end_switch_sensor_bottom,,,gold_export/parts/2AS_end_switch_sensor_bottom.step,matched_existing,part,Part__Feature356,2AS_end_switch_sensor_bottom,,1,,
96,2AT2,2,2AT2_nut_M12x1,Nut M12 x 1 BALLUFF BES 516-356-S4-C_1:,,gold_export/parts/2AT2_nut_M12x1.step,matched_existing,part,Part__Feature357,2AT2_nut_M12x1,,1,,
97,2AT3,1,2AT3_sensor,inductive sensor bottom,Balluff,gold_export/parts/2AT3_sensor.step,matched_existing,vendor_component,Part__Feature359,2AT3_sensor,,1,,
98,2AU2,2,2AU2_nut_M12x1,Nut M12 x 1 BALLUFF BES 516-356-S4-C_1:,,gold_export/parts/2AU2_nut_M12x1.step,matched_existing,part,Part__Feature360,2AU2_nut_M12x1,,1,,
99,2AU3,1,2AU3_sensor,inductive sensor top,Balluff,gold_export/parts/2AU3_sensor.step,matched_existing,vendor_component,Part__Feature362,2AU3_sensor,,1,,
100,2AV1,10,"2AV1_DIN 912 - M5x0,8x30x22",cylinder head cap screw,,"gold_export/parts/2AV1_DIN 912 - M5x0,8x30x22.step",matched_existing,part,Part__Feature363,"2AV1_DIN 912 - M5x0,8x30x22",,1,,
101,2AV2,10,"2AV2_DIN 912 - M8x1,25x35x31,875",cylinder head cap screw,,"gold_export/parts/2AV2_DIN 912 - M8x1,25x35x31,875.step",matched_existing,part,Part__Feature367,"2AV2_DIN 912 - M8x1,25x35x31,875",,1,,
102,2AV3,30,"2AV3_DIN 912 - M8x1,25x40x28",cylinder head cap screw,,"gold_export/parts/2AV3_DIN 912 - M8x1,25x40x28.step",matched_existing,part,Part__Feature369,"2AV3_DIN 912 - M8x1,25x40x28",,1,,
103,2AV4,2,"2AV4_DIN 912 - M5x0,8x8x6",cylinder head cap screw,,"gold_export/parts/2AV4_DIN 912 - M5x0,8x8x6.step",matched_existing,part,Part__Feature371,"2AV4_DIN 912 - M5x0,8x8x6",,1,,
104,2AV5,18,"2AV5_DIN 912 - M8x1,25x50x28",cylinder head cap screw,,"gold_export/parts/2AV5_DIN 912 - M8x1,25x50x28.step",matched_existing,part,Part__Feature373,"2AV5_DIN 912 - M8x1,25x50x28",,1,,
105,2AV6,10,"2AV6_DIN 912 - M4x0,7x30x20",cylinder head cap screw,,"gold_export/parts/2AV6_DIN 912 - M4x0,7x30x20.step",matched_existing,part,Part__Feature389,"2AV6_DIN 912 - M4x0,7x30x20",,1,,
106,2AV7,8,"2AV7_DIN 912 - M4x0,7x25x23,25",cylinder head cap screw,,"gold_export/parts/2AV7_DIN 912 - M4x0,7x25x23,25.step",matched_existing,part,Part__Feature397,"2AV7_DIN 912 - M4x0,7x25x23,25",,1,,
107,2AV8,16,"2AV8_DIN 912 - M8x1x25x22,5",cylinder head cap screw,,"gold_export/parts/2AV8_DIN 912 - M8x1x25x22,5.step",matched_existing,part,Part__Feature413,"2AV8_DIN 912 - M8x1x25x22,5",,1,,
108,2AV9,5,"2AV9_DIN 912 - M6x1x16x13,5",cylinder head cap screw,,"gold_export/parts/2AV9_DIN 912 - M6x1x16x13,5.step",matched_existing,part,Part__Feature459,"2AV9_DIN 912 - M6x1x16x13,5",,1,,
109,2AVA,20,"2AVA_DIN 912 - M4x0,7x20x18,25",cylinder head cap screw,,"gold_export/parts/2AVA_DIN 912 - M4x0,7x20x18,25.step",matched_existing,part,Part__Feature461,"2AVA_DIN 912 - M4x0,7x20x18,25",,1,,
110,2AVB,12,2AVB_DIN 912 - M6x1x35x24,cylinder head cap screw,,gold_export/parts/2AVB_DIN 912 - M6x1x35x24.step,matched_existing,part,Part__Feature481,2AVB_DIN 912 - M6x1x35x24,,1,,
111,2AVC,4,"2AVC_DIN 912 - M8x1,25x20x16,875",cylinder head cap screw,,"gold_export/parts/2AVC_DIN 912 - M8x1,25x20x16,875.step",matched_existing,part,Part__Feature491,"2AVC_DIN 912 - M8x1,25x20x16,875",,1,,
112,3A,15,3A_angle_pipe_ISO_K_DN63_320RRB063-90,320RRB063-90,Pfeiffer Vacuum,gold_export/parts/3A_angle_pipe_ISO_K_DN63_320RRB063-90.step,matched_existing,vendor_component,Part__Feature1422,3A_angle_pipe_ISO_K_DN63_320RRB063-90,,1,,
113,3B,1,3B_valve_ISO_K_DN63_310VEP063-01,310VEP063,Pfeiffer Vacuum,gold_export/parts/3B_valve_ISO_K_DN63_310VEP063-01.step,matched_existing,vendor_component,Part__Feature1437,3B_valve_ISO_K_DN63_310VEP063-01,,1,,
114,3C,2,3C_reduction_T_pipe_ISO_K_DN63_KF_DN40_320RTR063-040,320RTR063-040,Pfeiffer Vacuum,gold_export/parts/3C_reduction_T_pipe_ISO_K_DN63_KF_DN40_320RTR063-040.step,matched_existing,vendor_component,Part__Feature1476,3C_reduction_T_pipe_ISO_K_DN63_KF_DN40_320RTR063-040,,1,,
115,3D,1,3D_ISO_KF_DN40_hose_connection_110ASC040-12,110ASC040-12,Pfeiffer Vacuum,gold_export/parts/3D_ISO_KF_DN40_hose_connection_110ASC040-12.step,matched_existing,vendor_component,Part__Feature1480,3D_ISO_KF_DN40_hose_connection_110ASC040-12,,1,,
116,3E,2,3E_seal_with_filter_ISO_KF_DN40_122ZRS040,122ZRS040,Pfeiffer Vacuum,gold_export/parts/3E_seal_with_filter_ISO_KF_DN40_122ZRS040.step,matched_existing,vendor_component,Part__Feature1481,3E_seal_with_filter_ISO_KF_DN40_122ZRS040,,1,,
117,3F,3,3F_clamping_ring_ISO_KF_DN40_120BSR040,120BSR040,Pfeiffer Vacuum,gold_export/parts/3F_clamping_ring_ISO_KF_DN40_120BSR040.step,matched_existing,vendor_component,Part__Feature1485,3F_clamping_ring_ISO_KF_DN40_120BSR040,,1,,
118,3G,1,3G_flexible_pipe_ISO_K_DN63_320SFK063-130,320SFK063,Pfeiffer Vacuum,gold_export/parts/3G_flexible_pipe_ISO_K_DN63_320SFK063-130.step,matched_existing,vendor_component,Part__Feature1509,3G_flexible_pipe_ISO_K_DN63_320SFK063-130,,1,,
119,3H,1,3H_pipe_ISO_K_DN63,320RZS063,Pfeiffer Vacuum,gold_export/parts/3H_pipe_ISO_K_DN63.step,matched_existing,vendor_component,Part__Feature1510,3H_pipe_ISO_K_DN63,,1,,
120,3I,7,3I_pipe_ISO_K_DN63_320RZS063-176,320RZS063,Pfeiffer Vacuum,gold_export/parts/3I_pipe_ISO_K_DN63_320RZS063-176.step,matched_existing,vendor_component,Part__Feature1511,3I_pipe_ISO_K_DN63_320RZS063-176,,1,,
121,3J,2,3J_pipe_ISO_K_DN63_320RZS063,320RZS063,Pfeiffer Vacuum,gold_export/parts/3J_pipe_ISO_K_DN63_320RZS063.step,matched_existing,vendor_component,Part__Feature1516,3J_pipe_ISO_K_DN63_320RZS063,,1,,
122,3K,1,3K_flexible_pipe_ISO_K_DN63_320SWN063-0250,320SFK063,Pfeiffer Vacuum,gold_export/parts/3K_flexible_pipe_ISO_K_DN63_320SWN063-0250.step,matched_existing,vendor_component,Part__Feature1518,3K_flexible_pipe_ISO_K_DN63_320SWN063-0250,,1,,
123,3L,1,3L_flexible_pipe_ISO_K_DN63_320SWN063-0750,320SFK063,Pfeiffer Vacuum,gold_export/parts/3L_flexible_pipe_ISO_K_DN63_320SWN063-0750.step,matched_existing,vendor_component,Part__Feature1519,3L_flexible_pipe_ISO_K_DN63_320SWN063-0750,,1,,
124,3M,1,3M_pipe_ISO_K_DN63_320RZS063_L_218,320RZS063,Pfeiffer Vacuum,gold_export/parts/3M_pipe_ISO_K_DN63_320RZS063_L_218.step,matched_existing,vendor_component,Part__Feature1520,3M_pipe_ISO_K_DN63_320RZS063_L_218,,1,,
125,3N1,1,3N1_curvature_320SWN063,320SFK063: curvature,Pfeiffer Vacuum,gold_export/parts/3N1_curvature_320SWN063.step,matched_existing,vendor_component,Part__Feature1521,3N1_curvature_320SWN063,,1,,
126,3N2,2,3N2_end_piece_320SWN063,320SFK063: end piece,Pfeiffer Vacuum,gold_export/parts/3N2_end_piece_320SWN063.step,matched_existing,vendor_component,Part__Feature1522,3N2_end_piece_320SWN063,,1,,
127,3O1,1,3O1_curvature_320SWN063,320SFK063: curvature,Pfeiffer Vacuum,gold_export/parts/3O1_curvature_320SWN063.step,matched_existing,vendor_component,Part__Feature1524,3O1_curvature_320SWN063,,1,,
128,3O2,1,3O2_curvature_320SWN063,320SFK063: curvature,Pfeiffer Vacuum,gold_export/parts/3O2_curvature_320SWN063.step,matched_existing,vendor_component,Part__Feature1525,3O2_curvature_320SWN063,,1,,
129,3O3,1,3O3_end_piece_320SWN063,320SFK063: end piece,Pfeiffer Vacuum,gold_export/parts/3O3_end_piece_320SWN063.step,matched_existing,vendor_component,Part__Feature1526,3O3_end_piece_320SWN063,,1,,
130,3O4,1,3O4_end_piece_320SWN063,320SFK063: end piece,Pfeiffer Vacuum,gold_export/parts/3O4_end_piece_320SWN063.step,matched_existing,vendor_component,Part__Feature1527,3O4_end_piece_320SWN063,,1,,
131,3P1,1,3P1_cyclone_separator,,,gold_export/parts/3P1_cyclone_separator.step,matched_existing,part,Part__Feature1528,3P1_cyclone_separator,,1,,
132,3P2,2,3P2_flange_ISO_K_DN63,320FAN063-76,Pfeiffer Vacuum,gold_export/parts/3P2_flange_ISO_K_DN63.step,matched_existing,vendor_component,Part__Feature1529,3P2_flange_ISO_K_DN63,,1,,
133,3P3,1,3P3_valve_ISO_K_DN63_310VEP063-01,310VEP063,Pfeiffer Vacuum,gold_export/parts/3P3_valve_ISO_K_DN63_310VEP063-01.step,matched_existing,vendor_component,Part__Feature1531,3P3_valve_ISO_K_DN63_310VEP063-01,,1,,
134,3P4,1,3P4_filter_ISO_K_DN63_CSL-357y2-K,PK Z60 511 A,Pfeiffer Vacuum,gold_export/parts/3P4_filter_ISO_K_DN63_CSL-357y2-K.step,matched_existing,vendor_component,Part__Feature1570,3P4_filter_ISO_K_DN63_CSL-357y2-K,,1,,
135,3P5,1,3P5_reduction_ISO_K_DN100_DN63_320RRK100-063-63,320RRK100-063-63,Pfeiffer Vacuum,gold_export/parts/3P5_reduction_ISO_K_DN100_DN63_320RRK100-063-63.step,matched_existing,vendor_component,Part__Feature1571,3P5_reduction_ISO_K_DN100_DN63_320RRK100-063-63,,1,,
136,3P6,1,3P6_powder_container_2_liter,,AMPROVED,gold_export/parts/3P6_powder_container_2_liter.step,matched_existing,vendor_component,Part__Feature1572,3P6_powder_container_2_liter,,1,,
137,3P7,1,3P7_reduction_ISO_K_DN63_KF_DN40,320RRK063-040-63,Pfeiffer Vacuum,gold_export/parts/3P7_reduction_ISO_K_DN63_KF_DN40.step,matched_existing,vendor_component,Part__Feature1573,3P7_reduction_ISO_K_DN63_KF_DN40,,1,,
138,3Q1,1,3Q1_pipe_ISO_K_DN100_320RZS100,320RZS100,Pfeiffer Vacuum,gold_export/parts/3Q1_pipe_ISO_K_DN100_320RZS100.step,matched_existing,vendor_component,Part__Feature1574,3Q1_pipe_ISO_K_DN100_320RZS100,,1,,
139,3Q2,1,3Q2_angle_pipe_ISO_K_DN100_320RRB100-90,320RRB100-90,Pfeiffer Vacuum,gold_export/parts/3Q2_angle_pipe_ISO_K_DN100_320RRB100-90.step,matched_existing,vendor_component,Part__Feature1575,3Q2_angle_pipe_ISO_K_DN100_320RRB100-90,,1,,
140,3Q3,2,3Q3_seal_ISO_K_DN100_311ZRA100,311ZRA100,Pfeiffer Vacuum,gold_export/parts/3Q3_seal_ISO_K_DN100_311ZRA100.step,matched_existing,vendor_component,Part__Feature1576,3Q3_seal_ISO_K_DN100_311ZRA100,,1,,
141,3Q4,8,3Q4_clamp_ISO_K_DN100_320BKL250,320BKL250,Pfeiffer Vacuum,gold_export/parts/3Q4_clamp_ISO_K_DN100_320BKL250.step,matched_existing,vendor_component,Part__Feature1584,3Q4_clamp_ISO_K_DN100_320BKL250,,1,,
142,3Q5,4,3Q5_clamp_ISO_K_DN100_350BPD100,350BPD100,Pfeiffer Vacuum,gold_export/parts/3Q5_clamp_ISO_K_DN100_350BPD100.step,matched_existing,vendor_component,Part__Feature1600,3Q5_clamp_ISO_K_DN100_350BPD100,,1,,
143,3R1,4,3R1_clamp_ISO_K_DN63_350BPD100,350BPD100,Pfeiffer Vacuum,gold_export/parts/3R1_clamp_ISO_K_DN63_350BPD100.step,matched_existing,vendor_component,Part__Feature1628,3R1_clamp_ISO_K_DN63_350BPD100,,1,,
144,3R2,1,3R2_seal_ISO_K_DN63_311ZRA063,311ZRA063,Pfeiffer Vacuum,gold_export/parts/3R2_seal_ISO_K_DN63_311ZRA063.step,matched_existing,vendor_component,Part__Feature1640,3R2_seal_ISO_K_DN63_311ZRA063,,1,,
145,3S1,1,3S1_flange,,,gold_export/parts/3S1_flange.step,matched_existing,part,Part__Feature1644,3S1_flange,,1,,
146,3S2,2,3S2_mount,,,gold_export/parts/3S2_mount.step,matched_existing,part,Part__Feature1645,3S2_mount,,1,,
147,3S31,1,3S31_part_1,gas outlet pipe: part 1,,gold_export/parts/3S31_part_1.step,matched_existing,part,Part__Feature1647,3S31_part_1,,1,,
148,3S32,1,3S32_part_2,gas outlet pipe: part 2,,gold_export/parts/3S32_part_2.step,matched_existing,part,Part__Feature1648,3S32_part_2,,1,,
149,3S33,1,3S33_part_3,gas outlet pipe: part 3,,gold_export/parts/3S33_part_3.step,matched_existing,part,Part__Feature1649,3S33_part_3,,1,,
150,3S34,1,3S34_part_4,gas outlet pipe: part 4,,gold_export/parts/3S34_part_4.step,matched_existing,part,Part__Feature1650,3S34_part_4,,1,,
151,3S35,1,3S35_part_5,gas outlet pipe: part 5,,gold_export/parts/3S35_part_5.step,matched_existing,part,Part__Feature1651,3S35_part_5,,1,,
152,3S41,1,3S41_part_1,gas outlet: part 1,,gold_export/parts/3S41_part_1.step,matched_existing,part,Part__Feature1652,3S41_part_1,,1,,
153,3S42,1,3S42_part_2,gas outlet: part 2,,gold_export/parts/3S42_part_2.step,matched_existing,part,Part__Feature1653,3S42_part_2,,1,,
154,3S43,1,3S43_part_3,gas outlet: part 3,,gold_export/parts/3S43_part_3.step,matched_existing,part,Part__Feature1654,3S43_part_3,,1,,
155,3S44,1,3S44_part_4,gas outlet: part 4,,gold_export/parts/3S44_part_4.step,matched_existing,part,Part__Feature1655,3S44_part_4,,1,,
156,3S45,1,3S45_part_5,gas outlet: part 5,,gold_export/parts/3S45_part_5.step,matched_existing,part,Part__Feature1656,3S45_part_5,,1,,
157,3S46,1,3S46_part_6,gas outlet: part 6,,gold_export/parts/3S46_part_6.step,matched_existing,part,Part__Feature1657,3S46_part_6,,1,,
158,3S47,1,3S47_part_7,gas outlet: part 7,,gold_export/parts/3S47_part_7.step,matched_existing,part,Part__Feature1658,3S47_part_7,,1,,
159,3S48,1,3S48_part_8,gas outlet: part 8,,gold_export/parts/3S48_part_8.step,matched_existing,part,Part__Feature1659,3S48_part_8,,1,,
160,3T,1,3T_diffusor,,,gold_export/parts/3T_diffusor.step,matched_existing,part,Part__Feature1660,3T_diffusor,,1,,
161,3U,1,3U_flow_rectifier,,,gold_export/parts/3U_flow_rectifier.step,matched_existing,part,Part__Feature1661,3U_flow_rectifier,,1,,
162,3V,1,3V_gas_in_top,FCX-TR0025 amperometric,,gold_export/parts/3V_gas_in_top.step,matched_existing,part,Part__Feature1662,3V_gas_in_top,,1,,
163,3W,1,3W_dummy_oxygen_sensor_FCX-TR,oxygen (O2) gas transmitter valve sv04_din_cc_dn40_-,Angst + Pfister,gold_export/parts/3W_dummy_oxygen_sensor_FCX-TR.step,matched_existing,vendor_component,Part__Feature1665,3W_dummy_oxygen_sensor_FCX-TR,,1,,
164,3X1,1,3X1_valve_part_1,_aisi_316l-1_4404_-_epdm: part 1 valve sv04_din_cc_dn40_-,AMPROVED,gold_export/parts/3X1_valve_part_1.step,matched_existing,vendor_component,Part__Feature1686,3X1_valve_part_1,,1,,
165,3X2,1,3X2_valve_part_2,_aisi_316l-1_4404_-_epdm: part 2 valve sv04_din_cc_dn40_-,AMPROVED,gold_export/parts/3X2_valve_part_2.step,matched_existing,vendor_component,Part__Feature1687,3X2_valve_part_2,,1,,
166,3X3,1,3X3_valve_part_3,_aisi_316l-1_4404_-_epdm: part 3,AMPROVED,gold_export/parts/3X3_valve_part_3.step,matched_existing,vendor_component,Part__Feature1688,3X3_valve_part_3,,1,,
167,6A,1,6A_conveyor_belt,,zahriemen24.de,gold_export/parts/6A_conveyor_belt.step,matched_existing,vendor_component,Part__Feature1933,6A_conveyor_belt,,1,,
168,6B1,1,6B1_gliding_surface,,,gold_export/parts/6B1_gliding_surface.step,matched_existing,part,Part__Feature1934,6B1_gliding_surface,,1,,
169,6B2,1,6B2_ceramic_pole,,,gold_export/parts/6B2_ceramic_pole.step,matched_existing,part,Part__Feature1935,6B2_ceramic_pole,,1,,
170,6B3,1,6B3_glue,,,gold_export/parts/6B3_glue.step,matched_existing,part,Part__Feature1936,6B3_glue,,1,,
171,6C1,1,6C1_blade,,,gold_export/parts/6C1_blade.step,matched_existing,part,Part__Feature1939,6C1_blade,,1,,
172,6C2,1,6C2_blade_mount_part_1,,,gold_export/parts/6C2_blade_mount_part_1.step,matched_existing,part,Part__Feature1940,6C2_blade_mount_part_1,,1,,
173,6C3,1,6C3_blade_mount_part_2,,,gold_export/parts/6C3_blade_mount_part_2.step,matched_existing,part,Part__Feature1941,6C3_blade_mount_part_2,,1,,
174,6C5,1,6C5_blade_extension,,,gold_export/parts/6C5_blade_extension.step,matched_existing,part,Part__Feature1949,6C5_blade_extension,,1,,
175,6D,1,6D_rod_sleeve,,,gold_export/parts/6D_rod_sleeve.step,matched_existing,part,Part__Feature1963,6D_rod_sleeve,,1,,
176,6E1,1,6E1_plate_left,,,gold_export/parts/6E1_plate_left.step,matched_existing,part,Part__Feature1965,6E1_plate_left,,1,,
177,6E2,1,6E2_plate_right,,,gold_export/parts/6E2_plate_right.step,matched_existing,part,Part__Feature1966,6E2_plate_right,,1,,
178,6E3,1,6E3_plate_front,,,gold_export/parts/6E3_plate_front.step,matched_existing,part,Part__Feature1967,6E3_plate_front,,1,,
179,6E4,1,6E4_plate_back,,,gold_export/parts/6E4_plate_back.step,matched_existing,part,Part__Feature1968,6E4_plate_back,,1,,
180,6F,4,6F_powder_container_extension_back,,,gold_export/parts/6F_powder_container_extension_back.step,matched_existing,part,Part__Feature1969,6F_powder_container_extension_back,,1,,
181,6G,1,6G_powder_container_extension_front,,,gold_export/parts/6G_powder_container_extension_front.step,matched_existing,part,Part__Feature1970,6G_powder_container_extension_front,,1,,
182,6H1,1,6H1_powder_chute,,,gold_export/parts/6H1_powder_chute.step,matched_existing,part,Part__Feature1971,6H1_powder_chute,,1,,
183,6H2,1,6H2_seal_top,,Lisema,gold_export/parts/6H2_seal_top.step,matched_existing,vendor_component,Part__Feature1972,6H2_seal_top,,1,,
184,6H3,1,6H3_brush_seal_bottom,,Mink Bürsten,gold_export/parts/6H3_brush_seal_bottom.step,matched_existing,vendor_component,Part__Feature1973,6H3_brush_seal_bottom,,1,,
185,6I,1,6I_clamping_plate_front,,,gold_export/parts/6I_clamping_plate_front.step,matched_existing,part,Part__Feature1974,6I_clamping_plate_front,,1,,
186,6J,1,6J_clamping_plate_back,,,gold_export/parts/6J_clamping_plate_back.step,matched_existing,part,Part__Feature1975,6J_clamping_plate_back,,1,,
187,6K,1,6K_fixed_bearing_mount,,,gold_export/parts/6K_fixed_bearing_mount.step,matched_existing,part,Part__Feature1976,6K_fixed_bearing_mount,,1,,
188,6L,1,6L_floating_bearing_mount,,,gold_export/parts/6L_floating_bearing_mount.step,matched_existing,part,Part__Feature1977,6L_floating_bearing_mount,,1,,
189,6M1,1,6M1_carriage_LEFG32-S-600N,linear guide top,SMC Pneumatics,gold_export/parts/6M1_carriage_LEFG32-S-600N.step,matched_existing,vendor_component,Part__Feature1978,6M1_carriage_LEFG32-S-600N,,1,,
190,6M2,1,6M2_rail_LEFG32-S-600N,linear guide top,SMC Pneumatics,gold_export/parts/6M2_rail_LEFG32-S-600N.step,matched_existing,vendor_component,Part__Feature1979,6M2_rail_LEFG32-S-600N,,1,,
191,6N1,6,6N1_carriage_LEFS32REA-600N,linear guide back,SMC Pneumatics,gold_export/parts/6N1_carriage_LEFS32REA-600N.step,matched_existing,vendor_component,Part__Feature1980,6N1_carriage_LEFS32REA-600N,,1,,
192,6N2,6,6N2_rail_LEFS32REA-600N,linear guide back,SMC Pneumatics,gold_export/parts/6N2_rail_LEFS32REA-600N.step,matched_existing,vendor_component,Part__Feature1981,6N2_rail_LEFS32REA-600N,,1,,
193,6O,6,6O_belt_pulley_GT2_8mm_20_teeth,,youprintin3d.de,gold_export/parts/6O_belt_pulley_GT2_8mm_20_teeth.step,matched_existing,vendor_component,Part__Feature1983,6O_belt_pulley_GT2_8mm_20_teeth,,1,,
194,6P,6,6P_belt_pulley_without_teeth,,youprintin3d.de,gold_export/parts/6P_belt_pulley_without_teeth.step,matched_existing,vendor_component,Part__Feature1986,6P_belt_pulley_without_teeth,,1,,
195,6Q,9,6Q_mount_belt_pulley_without_teeth,,,gold_export/parts/6Q_mount_belt_pulley_without_teeth.step,matched_existing,part,Part__Feature1987,6Q_mount_belt_pulley_without_teeth,,1,,
196,6R,3,6R_belt,,,gold_export/parts/6R_belt.step,matched_existing,part,Part__Feature1988,6R_belt,,1,,
197,6S1,1,6S1_support_1,motor mount,,gold_export/parts/6S1_support_1.step,matched_existing,part,Part__Feature1989,6S1_support_1,,1,,
198,6S2,1,6S2_support_2,motor mount,,gold_export/parts/6S2_support_2.step,matched_existing,part,Part__Feature1990,6S2_support_2,,1,,
199,6S3,1,6S3_bent_part,motor mount,,gold_export/parts/6S3_bent_part.step,matched_existing,part,Part__Feature1991,6S3_bent_part,,1,,
200,6T,1,6T_motor_Nema_23,,reichelt elektronik,gold_export/parts/6T_motor_Nema_23.step,matched_existing,vendor_component,Part__Feature1992,6T_motor_Nema_23,,1,,
201,6U,1,6U_belt_pulley_motor_GT2_Bore6p35_20_teeth,,3VBELT,gold_export/parts/6U_belt_pulley_motor_GT2_Bore6p35_20_teeth.step,matched_existing,vendor_component,Part__Feature1993,6U_belt_pulley_motor_GT2_Bore6p35_20_teeth,,1,,
202,6V,3,6V_connection_motor_mount,,,gold_export/parts/6V_connection_motor_mount.step,matched_existing,part,Part__Feature1994,6V_connection_motor_mount,,1,,
203,6W,1,6W_connection_linear_guide_back,,,gold_export/parts/6W_connection_linear_guide_back.step,matched_existing,part,Part__Feature1995,6W_connection_linear_guide_back,,1,,
204,6X,1,6X_connection_linear_guide_top,,,gold_export/parts/6X_connection_linear_guide_top.step,matched_existing,part,Part__Feature1996,6X_connection_linear_guide_top,,1,,
205,6Y,1,6Y_spacer_11_mm,,,gold_export/parts/6Y_spacer_11_mm.step,matched_existing,part,Part__Feature1997,6Y_spacer_11_mm,,1,,
206,8A,1,8A_seal_ISO_KF_DN16,112ZRG016,Pfeiffer Vacuum,gold_export/parts/8A_seal_ISO_KF_DN16.step,matched_existing,vendor_component,Part__Feature2114,8A_seal_ISO_KF_DN16,,1,,
207,8B,5,8B_angle_pipe_ISO_KF_DN40,110RRB040-90,Pfeiffer Vacuum,gold_export/parts/8B_angle_pipe_ISO_KF_DN40.step,matched_existing,vendor_component,Part__Feature2116,8B_angle_pipe_ISO_KF_DN40,,1,,
208,8C1,1,8C1_flexible_pipe,120SWG040-0500: flexible pipe,Pfeiffer Vacuum,gold_export/parts/8C1_flexible_pipe.step,matched_existing,vendor_component,Part__Feature2121,8C1_flexible_pipe,,1,,
209,8C2,2,8C2_end_piece,120SWG040-0500: end piece 120SWG040-0250: flexible pipe,Pfeiffer Vacuum,gold_export/parts/8C2_end_piece.step,matched_existing,vendor_component,Part__Feature2161,8C2_end_piece,,1,,
210,8D1,1,8D1_flexible_pipe_part_1,part 1 120SWG040-0250: flexible pipe,Pfeiffer Vacuum,gold_export/parts/8D1_flexible_pipe_part_1.step,matched_existing,vendor_component,Part__Feature2163,8D1_flexible_pipe_part_1,,1,,
211,8D2,1,8D2_flexible_pipe_part_2,part 2,Pfeiffer Vacuum,gold_export/parts/8D2_flexible_pipe_part_2.step,matched_existing,vendor_component,Part__Feature2165,8D2_flexible_pipe_part_2,,1,,
212,9A,1,9A_top_square_profile,,,gold_export/parts/9A_top_square_profile.step,matched_existing,part,Part__Feature2254,9A_top_square_profile,,1,,
213,9B,1,9B_profile_60x60_960,strut profile,Bosch Rexroth AG,gold_export/parts/9B_profile_60x60_960.step,matched_existing,vendor_component,Part__Feature2253,9B_profile_60x60_960,,1,,
214,9C,1,9C_top_spacer,,,gold_export/parts/9C_top_spacer.step,matched_existing,part,Part__Feature2256,9C_top_spacer,,1,,
215,11,1,11_rack_chamber,,,gold_export/parts/11_rack_chamber.step,matched_existing,part,Part__Feature,11_rack_chamber,,1,,
216,12,1,12_flat_seal_back,6185: black silicone sealant,Liqui Moly,gold_export/parts/12_flat_seal_back.step,matched_existing,vendor_component,Part__Feature001,12_flat_seal_back,,1,,
217,13,2,13_flat_seal_side,6185: black silicone sealant,Liqui Moly,gold_export/parts/13_flat_seal_side.step,matched_existing,vendor_component,Part__Feature002,13_flat_seal_side,,1,,
218,14,2,14_flat_seal_top_bottom,6185: black silicone sealant,Liqui Moly,gold_export/parts/14_flat_seal_top_bottom.step,matched_existing,vendor_component,Part__Feature004,14_flat_seal_top_bottom,,1,,
219,15,1,15_seal_door,,Lisema,gold_export/parts/15_seal_door.step,matched_existing,vendor_component,Part__Feature006,15_seal_door,,1,,
220,17A1,2,17A1_strut_profile_20X20_492,strut profile,Bosch Rexroth AG,gold_export/parts/17A1_strut_profile_20X20_492.step,matched_existing,vendor_component,Part__Feature023,17A1_strut_profile_20X20_492,,1,,
221,17A2,3,17A2_strut_profile_20X20_629,strut profile,Bosch Rexroth AG,gold_export/parts/17A2_strut_profile_20X20_629.step,matched_existing,vendor_component,Part__Feature025,17A2_strut_profile_20X20_629,,1,,
222,17A3,1,17A3_strut_profile_20X20_135,strut profile,Bosch Rexroth AG,gold_export/parts/17A3_strut_profile_20X20_135.step,matched_existing,vendor_component,Part__Feature028,17A3_strut_profile_20X20_135,,1,,
223,17A4,2,17A4_strut_profile_20X20_463,strut profile,Bosch Rexroth AG,gold_export/parts/17A4_strut_profile_20X20_463.step,matched_existing,vendor_component,Part__Feature029,17A4_strut_profile_20X20_463,,1,,
224,17A5,1,17A5_strut_profile_20X20_484,strut profile,Bosch Rexroth AG,gold_export/parts/17A5_strut_profile_20X20_484.step,matched_existing,vendor_component,Part__Feature031,17A5_strut_profile_20X20_484,,1,,
225,17A6,1,17A6_strut_profile_20X20_D108,strut profile,Bosch Rexroth AG,gold_export/parts/17A6_strut_profile_20X20_D108.step,matched_existing,vendor_component,Part__Feature032,17A6_strut_profile_20X20_D108,,1,,
226,17A7,1,17A7_strut_profile_20X20_D50,strut profile,Bosch Rexroth AG,gold_export/parts/17A7_strut_profile_20X20_D50.step,matched_existing,vendor_component,Part__Feature033,17A7_strut_profile_20X20_D50,,1,,
227,17A8,1,17A8_strut_profile_20X20_D70,strut profile,Bosch Rexroth AG,gold_export/parts/17A8_strut_profile_20X20_D70.step,matched_existing,vendor_component,Part__Feature034,17A8_strut_profile_20X20_D70,,1,,
228,17A9,1,17A9_strut_profile_20X20_343,strut profile,Bosch Rexroth AG,gold_export/parts/17A9_strut_profile_20X20_343.step,matched_existing,vendor_component,Part__Feature035,17A9_strut_profile_20X20_343,,1,,
229,17AA,2,17AA_strut_profile_20X20_271,strut profile,Bosch Rexroth AG,gold_export/parts/17AA_strut_profile_20X20_271.step,matched_existing,vendor_component,Part__Feature036,17AA_strut_profile_20X20_271,,1,,
230,17AB,6,17AB_strut_profile_20X20_473,strut profile,Bosch Rexroth AG,gold_export/parts/17AB_strut_profile_20X20_473.step,matched_existing,vendor_component,Part__Feature038,17AB_strut_profile_20X20_473,,1,,
231,17AC,1,17AC_strut_profile_20X20_296,strut profile,Bosch Rexroth AG,gold_export/parts/17AC_strut_profile_20X20_296.step,matched_existing,vendor_component,Part__Feature044,17AC_strut_profile_20X20_296,,1,,
232,17AD,2,17AD_strut_profile_20X20_110,strut profile,Bosch Rexroth AG,gold_export/parts/17AD_strut_profile_20X20_110.step,matched_existing,vendor_component,Part__Feature045,17AD_strut_profile_20X20_110,,1,,
233,17AE,2,17AE_strut_profile_20X20_604,strut profile,Bosch Rexroth AG,gold_export/parts/17AE_strut_profile_20X20_604.step,matched_existing,vendor_component,Part__Feature047,17AE_strut_profile_20X20_604,,1,,
234,17AF,1,17AF_handle,GN 328.5-140-B-GS,GanterNorm,gold_export/parts/17AF_handle.step,matched_existing,vendor_component,Part__Feature049,17AF_handle,,1,,
235,17AG,2,17AG_profile_60x60_300,,,,ambiguous,unknown,,,,2,gold_export/instances/17AG_profile_60x60_300__96_profile_60x60_300.step | gold_export/instances/17AG_profile_60x60_300__96_profile_60x60_301.step,"No 17AG-prefixed product was found in the raw STEP. Similar 60x60x300 profiles exist as item 96, but were not substituted as the canonical BOM file."
236,17AH,2,17AH_profile_60x60_350,,,,ambiguous,unknown,,,,2,gold_export/instances/17AH_profile_60x60_350__94_profile_60x60_350.step | gold_export/instances/17AH_profile_60x60_350__94_profile_60x60_351.step,"No 17AH-prefixed product was found in the raw STEP. Similar 60x60x350 profiles exist as item 94, but were not substituted as the canonical BOM file."
237,17AI,2,17AI_hinge,,,gold_export/parts/17AI_hinge.step,matched_existing,part,Part__Feature050,17AI_hinge,,1,,
238,17AJ,1,17AJ_sheet_front,,,gold_export/parts/17AJ_sheet_front.step,matched_existing,part,Part__Feature052,17AJ_sheet_front,,1,,
239,17AK,1,17AK_sheet_top,,,gold_export/parts/17AK_sheet_top.step,matched_existing,part,Part__Feature054,17AK_sheet_top,,1,,
240,17AL,2,17AL_sheet_side,,,gold_export/parts/17AL_sheet_side.step,matched_existing,part,Part__Feature056,17AL_sheet_side,,1,,
241,17AM,1,17AM_sheet_back,,,gold_export/parts/17AM_sheet_back.step,matched_existing,part,Part__Feature058,17AM_sheet_back,,1,,
242,17AN,1,17AN_cover_sheet_hood_top,,,gold_export/parts/17AN_cover_sheet_hood_top.step,matched_existing,part,Part__Feature060,17AN_cover_sheet_hood_top,,1,,
243,17B,1,17B_dummy_oxygen_sensor_A19N,,Angst + Pfister,gold_export/parts/17B_dummy_oxygen_sensor_A19N.step,matched_existing,vendor_component,Part__Feature064,17B_dummy_oxygen_sensor_A19N,,1,,
244,21,1,21_seal_top,6185: black silicone sealant,Liqui Moly,gold_export/parts/21_seal_top.step,matched_existing,vendor_component,Part__Feature192,21_seal_top,,1,,
245,22,1,22_seal_bottom,6185: black silicone sealant,Liqui Moly,gold_export/parts/22_seal_bottom.step,matched_existing,vendor_component,Part__Feature193,22_seal_bottom,,1,,
246,23,2,23_seal_back_front,6185: black silicone sealant,Liqui Moly,gold_export/parts/23_seal_back_front.step,matched_existing,vendor_component,Part__Feature194,23_seal_back_front,,1,,
247,24,2,24_seal_left_right,6185: black silicone sealant,Liqui Moly,gold_export/parts/24_seal_left_right.step,matched_existing,vendor_component,Part__Feature196,24_seal_left_right,,1,,
248,25,1,25_frame_z_axis,,,gold_export/parts/25_frame_z_axis.step,matched_existing,part,Part__Feature198,25_frame_z_axis,,1,,
249,31,1,31_circulation_pump,G050508,Becker GmbH,gold_export/parts/31_circulation_pump.step,matched_existing,vendor_component,Part__Feature498,31_circulation_pump,,1,,
250,34,2,34_flexible_pipe_ISO_KF_DN50_170SFK050-060,170SFK050-060,Pfeiffer Vacuum,gold_export/parts/34_flexible_pipe_ISO_KF_DN50_170SFK050-060.step,matched_existing,vendor_component,Part__Feature1368,34_flexible_pipe_ISO_KF_DN50_170SFK050-060,,1,,
251,35,4,35_clamping_ring_ISO_KF_DN50_120BSR050,120BSR050,Pfeiffer Vacuum,gold_export/parts/35_clamping_ring_ISO_KF_DN50_120BSR050.step,matched_existing,vendor_component,Part__Feature1378,35_clamping_ring_ISO_KF_DN50_120BSR050,,1,,
252,36,4,36_seal_ISO_KF_DN50,172ZRG050,Pfeiffer Vacuum,gold_export/parts/36_seal_ISO_KF_DN50.step,matched_existing,vendor_component,Part__Feature1410,36_seal_ISO_KF_DN50,,1,,
253,37,2,37_reduction_ISO_K_DN63_KF_DN50_320RRG063-050-40,320RRG063-050-40,Pfeiffer Vacuum,gold_export/parts/37_reduction_ISO_K_DN63_KF_DN50_320RRG063-050-40.step,matched_existing,vendor_component,Part__Feature1418,37_reduction_ISO_K_DN63_KF_DN50_320RRG063-050-40,,1,,
254,38,1,38_T_pipe_ISO_K_DN63_320RTS063,320RTS063,Pfeiffer Vacuum,gold_export/parts/38_T_pipe_ISO_K_DN63_320RTS063.step,matched_existing,vendor_component,Part__Feature1420,38_T_pipe_ISO_K_DN63_320RTS063,,1,,
255,39,1,39_pipe_ISO_K_DN63,320RZS063,Pfeiffer Vacuum,gold_export/parts/39_pipe_ISO_K_DN63.step,matched_existing,vendor_component,Part__Feature1421,39_pipe_ISO_K_DN63,,1,,
256,41A,1,41A_belt_pulley_D12-575390,with 12 mm H7 bore with groove and threaded hole on groove,zahriemen24.de,gold_export/assemblies/410_powder_inlet.step,assembly_only,assembly,_410_powder_inlet,410_powder_inlet,410_powder_inlet,0,,"Raw STEP contains 41A_belt_pulley_D12-575390, but FreeCAD did not expose that label as an exportable object; retained 410 powder inlet assembly context."
257,41B,1,41B_timing_belt_340x10,10-AT5-340,zahriemen24.de,gold_export/parts/41B_timing_belt_340x10.step,matched_existing,vendor_component,Part__Feature1775,41B_timing_belt_340x10,,1,,
258,41C,2,41C_clamping_ring_ISO_KF_DN40_120BSR040,120BSR040,Pfeiffer Vacuum,gold_export/parts/41C_clamping_ring_ISO_KF_DN40_120BSR040.step,matched_existing,vendor_component,Part__Feature1776,41C_clamping_ring_ISO_KF_DN40_120BSR040,,1,,
259,41D,2,41D_belt_pulley_D7-575457,Toothed belt pulley 21 AT5/18-2 with 7 mm H7 bore,zahriemen24.de,gold_export/assemblies/410_powder_inlet.step,assembly_only,assembly,_410_powder_inlet,410_powder_inlet,410_powder_inlet,0,,"Raw STEP contains 41D_belt_pulley_D7-575457, but FreeCAD did not expose that label as an exportable object; retained 410 powder inlet assembly context."
260,41E,1,41E_cover_drivetrain,,,gold_export/parts/41E_cover_drivetrain.step,matched_existing,part,Part__Feature1779,41E_cover_drivetrain,,1,,
261,42A,3,42A_clamping_ring_ISO_KF_DN40_120BSR040,120BSR040,Pfeiffer Vacuum,gold_export/parts/42A_clamping_ring_ISO_KF_DN40_120BSR040.step,matched_existing,vendor_component,Part__Feature1790,42A_clamping_ring_ISO_KF_DN40_120BSR040,,1,,
262,42B,8,42B_clamp_ISO_K_DN100_320BKL250,320BKL250 valve sv04_din_cc_dn40_-,Pfeiffer Vacuum,gold_export/parts/42B_clamp_ISO_K_DN100_320BKL250.step,matched_existing,vendor_component,Part__Feature1802,42B_clamp_ISO_K_DN100_320BKL250,,1,,
263,42C1,1,42C1_valve_part_1,_aisi_316l-1_4404_-_epdm: part 1 valve sv04_din_cc_dn40_-,AMPROVED,gold_export/parts/42C1_valve_part_1.step,matched_existing,vendor_component,Part__Feature1818,42C1_valve_part_1,,1,,
264,42C2,1,42C2_valve_part_2,_aisi_316l-1_4404_-_epdm: part 2 valve sv04_din_cc_dn40_-,AMPROVED,gold_export/parts/42C2_valve_part_2.step,matched_existing,vendor_component,Part__Feature1819,42C2_valve_part_2,,1,,
265,42C3,1,42C3_valve_part_3,_aisi_316l-1_4404_-_epdm: part 3,AMPROVED,gold_export/parts/42C3_valve_part_3.step,matched_existing,vendor_component,Part__Feature1820,42C3_valve_part_3,,1,,
266,51,1,51_dummy_scanner,AM-Module Next Gen,Raylase,gold_export/parts/51_dummy_scanner.step,matched_existing,vendor_component,Part__Feature1843,51_dummy_scanner,,1,,
267,61B,1,61B_countersunk_bolt_DIN 7991 - M5x30,countersunk screw,,gold_export/parts/61B_countersunk_bolt_DIN 7991 - M5x30.step,matched_existing,part,Part__Feature1923,61B_countersunk_bolt_DIN 7991 - M5x30,,1,,
268,62,2,62_bearing_DIN 625 SKF - SKF 61800,DIN 625 SKF - SKF 61800,SKF,gold_export/parts/62_bearing_DIN 625 SKF - SKF 61800.step,matched_existing,vendor_component,Part__Feature1848,62_bearing_DIN 625 SKF - SKF 61800,,1,,
269,63,1,"63_retaining_ring_DIN 471 - 5x0,6",spring retaining ring,,"gold_export/parts/63_retaining_ring_DIN 471 - 5x0,6.step",matched_existing,part,Part__Feature1849,"63_retaining_ring_DIN 471 - 5x0,6",,1,,
270,64,1,"64_retaining_ring_DIN 471 - 8x0,8",spring retaining ring,,"gold_export/parts/64_retaining_ring_DIN 471 - 8x0,8.step",matched_existing,part,Part__Feature1850,"64_retaining_ring_DIN 471 - 8x0,8",,1,,
271,65,1,65_retaining_ring_DIN 471 - 10x1,spring retaining ring,,gold_export/parts/65_retaining_ring_DIN 471 - 10x1.step,matched_existing,part,Part__Feature1853,65_retaining_ring_DIN 471 - 10x1,,1,,
272,66,3,66_plate_front,,,gold_export/parts/66_plate_front.step,matched_existing,part,Part__Feature1927,66_plate_front,,1,,
273,67,1,67_plate_back,,,gold_export/parts/67_plate_back.step,matched_existing,part,Part__Feature1928,67_plate_back,,1,,
274,68,1,68_convex_crowned_shaft,,,gold_export/parts/68_convex_crowned_shaft.step,matched_existing,part,Part__Feature1929,68_convex_crowned_shaft,,1,,
275,69,1,69_deflection_shaft,,,gold_export/parts/69_deflection_shaft.step,matched_existing,part,Part__Feature1932,69_deflection_shaft,,1,,
276,70,1,70_dummy_laser_beam_source,AFX - 1000,nLight,gold_export/parts/70_dummy_laser_beam_source.step,matched_existing,vendor_component,Part__Feature1998,70_dummy_laser_beam_source,,1,,
277,81,1,81_vacuum_pump_Duo35,PK D45 602 E,Pfeiffer Vacuum,gold_export/parts/81_vacuum_pump_Duo35.step,matched_existing,vendor_component,Part__Feature1999,81_vacuum_pump_Duo35,,1,,
278,82,10,82_seal_ISO_KF_DN40,,Wissel GmbH,gold_export/parts/82_seal_ISO_KF_DN40.step,matched_existing,vendor_component,Part__Feature2000,82_seal_ISO_KF_DN40,,1,,
279,83,12,83_clamping_ring_ISO_KF_DN40_120BSR040,120BSR040,Pfeiffer Vacuum,gold_export/parts/83_clamping_ring_ISO_KF_DN40_120BSR040.step,matched_existing,vendor_component,Part__Feature2020,83_clamping_ring_ISO_KF_DN40_120BSR040,,1,,
280,84,2,84_valve,PF A58 204,Pfeiffer Vacuum,gold_export/parts/84_valve.step,matched_existing,vendor_component,Part__Feature2092,84_valve,,1,,
281,85,1,85_filter_ISO_KF_DN40_CSL-357y2-KF,PK Z60 510,Pfeiffer Vacuum,gold_export/parts/85_filter_ISO_KF_DN40_CSL-357y2-KF.step,matched_existing,vendor_component,Part__Feature2094,85_filter_ISO_KF_DN40_CSL-357y2-KF,,1,,
282,86,1,86_T_pipe_ISO_KF_DN40,170RTS040,Pfeiffer Vacuum,gold_export/parts/86_T_pipe_ISO_KF_DN40.step,matched_existing,vendor_component,Part__Feature2095,86_T_pipe_ISO_KF_DN40,,1,,
283,87,1,87_reduction_T_pipe_ISO_KF_DN40_DN16,120RTR040-016,Pfeiffer Vacuum,gold_export/parts/87_reduction_T_pipe_ISO_KF_DN40_DN16.step,matched_existing,vendor_component,Part__Feature2096,87_reduction_T_pipe_ISO_KF_DN40_DN16,,1,,
284,88,1,88_pressure_gauge,PT T11 138 310,Pfeiffer Vacuum,gold_export/parts/88_pressure_gauge.step,matched_existing,vendor_component,Part__Feature2098,88_pressure_gauge,,1,,
285,89,1,89_clamping_ring_ISO_KF_DN16,120BSR016,Pfeiffer Vacuum,gold_export/parts/89_clamping_ring_ISO_KF_DN16.step,matched_existing,vendor_component,Part__Feature2110,89_clamping_ring_ISO_KF_DN16,,1,,
286,91A,8,91A_square_profile_DIN_EN_10219-2_80x80x5_670,square hollow section,,gold_export/parts/91A_square_profile_DIN_EN_10219-2_80x80x5_670.step,matched_existing,part,Part__Feature2206,91A_square_profile_DIN_EN_10219-2_80x80x5_670,,1,,
287,91B,1,91B_square_profile_DIN_EN_10219-2_80x80x5_700,square hollow section,,gold_export/parts/91B_square_profile_DIN_EN_10219-2_80x80x5_700.step,matched_existing,part,Part__Feature2208,91B_square_profile_DIN_EN_10219-2_80x80x5_700,,1,,
288,91C,3,91C_angle_profile_DIN_59370_50x5_200,sharp-edged L-profile,,gold_export/parts/91C_angle_profile_DIN_59370_50x5_200.step,matched_existing,part,Part__Feature2210,91C_angle_profile_DIN_59370_50x5_200,,1,,
289,91D,8,91D_angle_profile_DIN_59370_50x5_810,sharp-edged L-profile,,gold_export/parts/91D_angle_profile_DIN_59370_50x5_810.step,matched_existing,part,Part__Feature2212,91D_angle_profile_DIN_59370_50x5_810,,1,,
290,91E,1,91E_angle_profile_closed_DIN_59370_50x5,sharp-edged L-profile,,gold_export/parts/91E_angle_profile_closed_DIN_59370_50x5.step,matched_existing,part,Part__Feature2214,91E_angle_profile_closed_DIN_59370_50x5,,1,,
291,91F1,1,91F1_square_profile_DIN_EN_10219-2_80x80x5_150,square hollow section,,gold_export/parts/91F1_square_profile_DIN_EN_10219-2_80x80x5_150.step,matched_existing,part,Part__Feature2215,91F1_square_profile_DIN_EN_10219-2_80x80x5_150,,1,,
292,91F2,3,91F2_plate_80x80x10_M12,,,gold_export/parts/91F2_plate_80x80x10_M12.step,matched_existing,part,Part__Feature2216,91F2_plate_80x80x10_M12,,1,,
293,91G,1,91G_mount_top,,,gold_export/parts/91G_mount_top.step,matched_existing,part,Part__Feature2227,91G_mount_top,,1,,
294,91H,1,91H_mount_bottom,,,gold_export/parts/91H_mount_bottom.step,matched_existing,part,Part__Feature2233,91H_mount_bottom,,1,,
295,92,1,92_profile_60x60_2120,strut profile,Bosch Rexroth AG,gold_export/parts/92_profile_60x60_2120.step,matched_existing,vendor_component,Part__Feature2245,92_profile_60x60_2120,,1,,
296,93,1,93_profile_60x60_710,strut profile,Bosch Rexroth AG,gold_export/parts/93_profile_60x60_710.step,matched_existing,vendor_component,Part__Feature2246,93_profile_60x60_710,,1,,
297,94,1,94_profile_60x60_350,strut profile,Bosch Rexroth AG,gold_export/parts/94_profile_60x60_350.step,matched_existing,vendor_component,Part__Feature2262,94_profile_60x60_350,,1,,
298,95,2,95_profile_60x60_740,strut profile,Bosch Rexroth AG,gold_export/parts/95_profile_60x60_740.step,matched_existing,vendor_component,Part__Feature2247,95_profile_60x60_740,,1,,
299,96,2,96_profile_60x60_300,strut profile,Bosch Rexroth AG,gold_export/parts/96_profile_60x60_300.step,matched_existing,vendor_component,Part__Feature2260,96_profile_60x60_300,,1,,
300,97,2,97_profile_60x60_1020,strut profile,Bosch Rexroth AG,gold_export/parts/97_profile_60x60_1020.step,matched_existing,vendor_component,Part__Feature2249,97_profile_60x60_1020,,1,,
301,98,4,98_plate,,,gold_export/parts/98_plate.step,matched_existing,part,Part__Feature2250,98_plate,,1,,
302,99,2,99_bottom_square_profile,,,gold_export/parts/99_bottom_square_profile.step,matched_existing,part,Part__Feature2251,99_bottom_square_profile,,1,,
303,161,1,161_bottom_plate,,,gold_export/parts/161_bottom_plate.step,matched_existing,part,Part__Feature007,161_bottom_plate,,1,,
304,162,1,162_bottom_plate_changeable,,,gold_export/parts/162_bottom_plate_changeable.step,matched_existing,part,Part__Feature008,162_bottom_plate_changeable,,1,,
305,171,1,171_top_plate,,,gold_export/parts/171_top_plate.step,matched_existing,part,Part__Feature009,171_top_plate,,1,,
306,172,1,172_top_plate_changeable,,,gold_export/parts/172_top_plate_changeable.step,matched_existing,part,Part__Feature010,172_top_plate_changeable,,1,,
307,173,1,173_flat_seal_top_plate_changeable,6185: black silicone sealant,Liqui Moly,gold_export/parts/173_flat_seal_top_plate_changeable.step,matched_existing,vendor_component,Part__Feature011,173_flat_seal_top_plate_changeable,,1,,
308,174,1,174_dummy_scanner_flange,,EOS,gold_export/parts/174_dummy_scanner_flange.step,matched_existing,vendor_component,Part__Feature012,174_dummy_scanner_flange,,1,,
309,179,1,179_scanner_flange,EOS M270 flange,EOS,gold_export/parts/179_scanner_flange.step,matched_existing,vendor_component,Part__Feature022,179_scanner_flange,,1,,
310,181,1,181_right_side_plate,,,gold_export/parts/181_right_side_plate.step,matched_existing,part,Part__Feature076,181_right_side_plate,,1,,
311,191,1,191_left_side_plate,,,gold_export/parts/191_left_side_plate.step,matched_existing,part,Part__Feature077,191_left_side_plate,,1,,
312,192,1,192_pressure_relief_valve,120VUS040,Pfeiffer Vacuum,gold_export/parts/192_pressure_relief_valve.step,matched_existing,vendor_component,Part__Feature122,192_pressure_relief_valve,,1,,
313,193,16,193_clamp_ISO_KF_DN40,,Wissel GmbH,gold_export/parts/193_clamp_ISO_KF_DN40.step,matched_existing,vendor_component,Part__Feature078,193_clamp_ISO_KF_DN40,,1,,
314,194,3,194_centering_ring_ISO_KF_DN40,,Wissel GmbH,gold_export/parts/194_centering_ring_ISO_KF_DN40.step,matched_existing,vendor_component,Part__Feature114,194_centering_ring_ISO_KF_DN40,,1,,
315,195,2,195_blind_flange_ISO_KF_DN40,,Wissel GmbH,gold_export/parts/195_blind_flange_ISO_KF_DN40.step,matched_existing,vendor_component,Part__Feature120,195_blind_flange_ISO_KF_DN40,,1,,
316,261,1,261_left_side_plate,,,gold_export/parts/261_left_side_plate.step,matched_existing,part,Part__Feature199,261_left_side_plate,,1,,
317,262,4,262_clamp_ISO_KF_DN40,,Wissel GmbH,gold_export/parts/262_clamp_ISO_KF_DN40.step,matched_existing,vendor_component,Part__Feature200,262_clamp_ISO_KF_DN40,,1,,
318,271,1,271_right_side_plate,,,gold_export/parts/271_right_side_plate.step,matched_existing,part,Part__Feature212,271_right_side_plate,,1,,
319,272,1,272_fluid_feedthrough,,,gold_export/parts/272_fluid_feedthrough.step,matched_existing,part,Part__Feature213,272_fluid_feedthrough,,1,,
320,273,4,273_centering_ring_ISO_KF_DN16,,Wissel GmbH,gold_export/parts/273_centering_ring_ISO_KF_DN16.step,matched_existing,vendor_component,Part__Feature214,273_centering_ring_ISO_KF_DN16,,1,,
321,274,1,274_electricity_feedthrough,,,gold_export/parts/274_electricity_feedthrough.step,matched_existing,part,Part__Feature222,274_electricity_feedthrough,,1,,
322,275,4,275_blind_flange_ISO_KF_DN16,,Wissel GmbH,gold_export/parts/275_blind_flange_ISO_KF_DN16.step,matched_existing,vendor_component,Part__Feature223,275_blind_flange_ISO_KF_DN16,,1,,
323,276,8,276_clamp_ISO_KF_DN16,,Wissel GmbH,gold_export/parts/276_clamp_ISO_KF_DN16.step,matched_existing,vendor_component,Part__Feature225,276_clamp_ISO_KF_DN16,,1,,
324,281,1,281_front_plate,,,gold_export/parts/281_front_plate.step,matched_existing,part,Part__Feature251,281_front_plate,,1,,
325,291,1,291_back_plate,,,gold_export/parts/291_back_plate.step,matched_existing,part,Part__Feature252,291_back_plate,,1,,
326,321,1,321_heat_exchanger_rv1_17z0z114z04,rv1_17z0z114z04,Becker GmbH,gold_export/parts/321_heat_exchanger_rv1_17z0z114z04.step,matched_existing,vendor_component,Part__Feature499,321_heat_exchanger_rv1_17z0z114z04,,1,,
327,322,2,322_reduction_ISO_K_DN100_DN63_320RRK100-063-63,320RRK100-063-63,Pfeiffer Vacuum,gold_export/parts/322_reduction_ISO_K_DN100_DN63_320RRK100-063-63.step,matched_existing,vendor_component,Part__Feature502,322_reduction_ISO_K_DN100_DN63_320RRK100-063-63,,1,,
328,323,8,323_clamp_ISO_K_DN100_350BPD100,350BPD100,Pfeiffer Vacuum,gold_export/parts/323_clamp_ISO_K_DN100_350BPD100.step,matched_existing,vendor_component,Part__Feature504,323_clamp_ISO_K_DN100_350BPD100,,1,,
329,331,176,331_clamp_ISO_K_DN63_320BKL250,320BKL250,Pfeiffer Vacuum,gold_export/parts/331_clamp_ISO_K_DN63_320BKL250.step,matched_existing,vendor_component,Part__Feature528,331_clamp_ISO_K_DN63_320BKL250,,1,,
330,332,44,332_seal_ISO_K_DN63_311ZRA063,311ZRA063,Pfeiffer Vacuum,gold_export/parts/332_seal_ISO_K_DN63_311ZRA063.step,matched_existing,vendor_component,Part__Feature544,332_seal_ISO_K_DN63_311ZRA063,,1,,
331,411,1,411_housing,,,gold_export/parts/411_housing.step,matched_existing,part,Part__Feature1689,411_housing,,1,,
332,418,2,418_shaft,,,gold_export/parts/418_shaft.step,matched_existing,part,Part__Feature1774,418_shaft,,1,,
333,419,3,419_belt_pulley_D14-575388,Toothed belt pulley 21 AT5/30-2 with 14 mm H7 bore with groove and threaded hole on groove,zahriemen24.de,gold_export/assemblies/410_powder_inlet.step,assembly_only,assembly,_410_powder_inlet,410_powder_inlet,410_powder_inlet,0,,"Raw STEP contains 419_belt_pulley_D14-575388, but FreeCAD did not expose that label as an exportable object; retained 410 powder inlet assembly context."
334,421,1,421_weld_flange_top,,,gold_export/parts/421_weld_flange_top.step,matched_existing,part,Part__Feature1780,421_weld_flange_top,,1,,
335,422,1,422_weld_flange_ISO_K_DN100,,,gold_export/parts/422_weld_flange_ISO_K_DN100.step,matched_existing,part,Part__Feature1781,422_weld_flange_ISO_K_DN100,,1,,
336,423,1,423_powder_chute_back_front,,,gold_export/parts/423_powder_chute_back_front.step,matched_existing,part,Part__Feature1782,423_powder_chute_back_front,,1,,
337,424,1,424_powder_chute_right,,,gold_export/parts/424_powder_chute_right.step,matched_existing,part,Part__Feature1784,424_powder_chute_right,,1,,
338,425,1,425_powder_chute_left,,,gold_export/parts/425_powder_chute_left.step,matched_existing,part,Part__Feature1785,425_powder_chute_left,,1,,
339,426,1,426_flexible_pipe_ISO_K_DN100_320SWN100-0250,320SWN100-0250,Pfeiffer Vacuum,gold_export/parts/426_flexible_pipe_ISO_K_DN100_320SWN100-0250.step,matched_existing,vendor_component,Part__Feature1786,426_flexible_pipe_ISO_K_DN100_320SWN100-0250,,1,,
340,427,1,427_reduction_ISO_K_DN100_KF_DN40,320RRK100-040-63,Pfeiffer Vacuum,gold_export/parts/427_reduction_ISO_K_DN100_KF_DN40.step,matched_existing,vendor_component,Part__Feature1787,427_reduction_ISO_K_DN100_KF_DN40,,1,,
341,428,1,428_pipe_ISO_KF_DN40,120RZS040,Pfeiffer Vacuum,gold_export/parts/428_pipe_ISO_KF_DN40.step,matched_existing,vendor_component,Part__Feature1788,428_pipe_ISO_KF_DN40,,1,,
342,429,1,429_powder_container_10_liter,,AMPROVED,gold_export/parts/429_powder_container_10_liter.step,matched_existing,vendor_component,Part__Feature1789,429_powder_container_10_liter,,1,,
343,521,1,521_scanner_cover_left,laser safety cover,,gold_export/parts/521_scanner_cover_left.step,matched_existing,part,Part__Feature1844,521_scanner_cover_left,,1,,
344,522,1,522_scanner_cover_front,laser safety cover,,gold_export/parts/522_scanner_cover_front.step,matched_existing,part,Part__Feature1845,522_scanner_cover_front,,1,,
345,523,1,523_scanner_cover_right,laser safety cover,,gold_export/parts/523_scanner_cover_right.step,matched_existing,part,Part__Feature1846,523_scanner_cover_right,,1,,
346,524,1,524_scanner_cover_top,laser safety cover,,gold_export/parts/524_scanner_cover_top.step,matched_existing,part,Part__Feature1847,524_scanner_cover_top,,1,,
347,611,1,611_nut_ISO 4032 - M4,,,gold_export/parts/611_nut_ISO 4032 - M4.step,matched_existing,part,Part__Feature1871,611_nut_ISO 4032 - M4,,1,,
348,612,1,"612_bolt_DIN 912 - M4x0,7x16x14,25",cylinder head cap screw,,"gold_export/parts/612_bolt_DIN 912 - M4x0,7x16x14,25.step",matched_existing,part,Part__Feature1868,"612_bolt_DIN 912 - M4x0,7x16x14,25",,1,,
349,613,1,"613_bolt_DIN 912 - M4x0,7x8x6,25",cylinder head cap screw,,"gold_export/parts/613_bolt_DIN 912 - M4x0,7x8x6,25.step",matched_existing,part,Part__Feature1866,"613_bolt_DIN 912 - M4x0,7x8x6,25",,1,,
350,614,1,614_bolt_DIN EN ISO 4017 - M6x12,hexagon head screw,,gold_export/parts/614_bolt_DIN EN ISO 4017 - M6x12.step,matched_existing,part,Part__Feature1881,614_bolt_DIN EN ISO 4017 - M6x12,,1,,
351,615,1,"615_bolt_DIN 912 - M4x0,7x12x10,25",cylinder head cap screw,,"gold_export/parts/615_bolt_DIN 912 - M4x0,7x12x10,25.step",matched_existing,part,Part__Feature1894,"615_bolt_DIN 912 - M4x0,7x12x10,25",,1,,
352,616,1,"616_bolt_DIN 912 - M6x1x10x7,5",cylinder head cap screw,,"gold_export/parts/616_bolt_DIN 912 - M6x1x10x7,5.step",matched_existing,part,Part__Feature1898,"616_bolt_DIN 912 - M6x1x10x7,5",,1,,
353,617,1,"617_bolt_DIN 912 - M5x0,8x25x23",cylinder head cap screw,,"gold_export/parts/617_bolt_DIN 912 - M5x0,8x25x23.step",matched_existing,part,Part__Feature1902,"617_bolt_DIN 912 - M5x0,8x25x23",,1,,
354,618,1,618_countersunk_bolt_DIN 7991 - M4x12,countersunk screw,,gold_export/parts/618_countersunk_bolt_DIN 7991 - M4x12.step,matched_existing,part,Part__Feature1904,618_countersunk_bolt_DIN 7991 - M4x12,,1,,
355,619,1,619_countersunk_bolt_DIN 7991 - M5x20,countersunk screw,,gold_export/parts/619_countersunk_bolt_DIN 7991 - M5x20.step,matched_existing,part,Part__Feature1912,619_countersunk_bolt_DIN 7991 - M5x20,,1,,
356,912,3,912_name_tag,,,gold_export/parts/912_name_tag.step,matched_existing,part,Part__Feature2180,912_name_tag,,1,,
357,913,13,913_square_profile_80x80x5_connection,,,gold_export/parts/913_square_profile_80x80x5_connection.step,matched_existing,part,Part__Feature2181,913_square_profile_80x80x5_connection,,1,,
358,914,4,914_square_profile_DIN_EN_10219-2_80x80x5_960,square hollow section,,gold_export/parts/914_square_profile_DIN_EN_10219-2_80x80x5_960.step,matched_existing,part,Part__Feature2187,914_square_profile_DIN_EN_10219-2_80x80x5_960,,1,,
359,915,4,915_square_profile_DIN_EN_10219-2_80x80x5_810,square hollow section,,gold_export/parts/915_square_profile_DIN_EN_10219-2_80x80x5_810.step,matched_existing,part,Part__Feature2191,915_square_profile_DIN_EN_10219-2_80x80x5_810,,1,,
360,916,2,916_square_profile_DIN_EN_10219-2_80x80x5_970,square hollow section,,gold_export/parts/916_square_profile_DIN_EN_10219-2_80x80x5_970.step,matched_existing,part,Part__Feature2192,916_square_profile_DIN_EN_10219-2_80x80x5_970,,1,,
361,917,22,917_square_profile_DIN_EN_10219-2_80x80x5_1670,square hollow section,,gold_export/parts/917_square_profile_DIN_EN_10219-2_80x80x5_1670.step,matched_existing,part,Part__Feature2193,917_square_profile_DIN_EN_10219-2_80x80x5_1670,,1,,
362,918,3,918_square_profile_DIN_EN_10219-2_80x80x5_740,square hollow section,,gold_export/parts/918_square_profile_DIN_EN_10219-2_80x80x5_740.step,matched_existing,part,Part__Feature2197,918_square_profile_DIN_EN_10219-2_80x80x5_740,,1,,
363,919,2,919_square_profile_DIN_EN_10219-2_80x80x5_950,square hollow section,,gold_export/parts/919_square_profile_DIN_EN_10219-2_80x80x5_950.step,matched_existing,part,Part__Feature2200,919_square_profile_DIN_EN_10219-2_80x80x5_950,,1,,
364,1751,1,1751_cover,,,gold_export/parts/1751_cover.step,matched_existing,part,Part__Feature013,1751_cover,,1,,
365,1752,4,1752_seal_ISO 3601-1 - B 0690 G,O-ring,,gold_export/parts/1752_seal_ISO 3601-1 - B 0690 G.step,matched_existing,part,Part__Feature014,1752_seal_ISO 3601-1 - B 0690 G,,1,,
366,1753,1,1753_flir_window_glas,thermographic camera:,Impex HighTech GmbH,gold_export/parts/1753_flir_window_glas.step,matched_existing,vendor_component,Part__Feature015,1753_flir_window_glas,,1,,
367,1761,1,1761_dummy_LAF-06_FLIR_X6900SC,FLIR_X6900SC,Teledyne,gold_export/parts/1761_dummy_LAF-06_FLIR_X6900SC.step,matched_existing,vendor_component,Part__Feature065,1761_dummy_LAF-06_FLIR_X6900SC,,1,,
368,1762,2,1762_profile_30x30_150,strut profile,Bosch Rexroth AG,gold_export/parts/1762_profile_30x30_150.step,matched_existing,vendor_component,Part__Feature068,1762_profile_30x30_150,,1,,
369,1763,1,1763_camera_mount,Manfrotto 625,Manfrotto,gold_export/parts/1763_camera_mount.step,matched_existing,vendor_component,Part__Feature066,1763_camera_mount,,1,,
370,1764,1,1764_mounting_plate,,,gold_export/parts/1764_mounting_plate.step,matched_existing,part,Part__Feature067,1764_mounting_plate,,1,,
371,1765,2,1765_profile_40x40_150,strut profile,Bosch Rexroth AG,gold_export/parts/1765_profile_40x40_150.step,matched_existing,vendor_component,Part__Feature070,1765_profile_40x40_150,,1,,
372,1766,2,1766_dummy_lever_with_bolt,,,gold_export/parts/1766_dummy_lever_with_bolt.step,matched_existing,part,Part__Feature072,1766_dummy_lever_with_bolt,,1,,
373,1767,2,1767_angle_connection,,,gold_export/parts/1767_angle_connection.step,matched_existing,part,Part__Feature074,1767_angle_connection,,1,,
374,1771,1,1771_seal_ISO 3601-1 - B 0690 G,,,gold_export/parts/1771_seal_ISO 3601-1 - B 0690 G.step,matched_existing,part,Part__Feature017,1771_seal_ISO 3601-1 - B 0690 G,,1,,
375,1772,1,1772_cover,,,gold_export/parts/1772_cover.step,matched_existing,part,Part__Feature019,1772_cover,,1,,
376,1773,1,1773_ot_window_glas,,Impex HighTech GmbH,gold_export/parts/1773_ot_window_glas.step,matched_existing,vendor_component,Part__Feature020,1773_ot_window_glas,,1,,
377,1781,1,1781_aluminium_breadboard_450x600x12.7_MB3030,,Thorlabs,gold_export/parts/1781_aluminium_breadboard_450x600x12.7_MB3030.step,matched_existing,vendor_component,Part__Feature021,1781_aluminium_breadboard_450x600x12.7_MB3030,,1,,
378,1961,1,1961_mount_ISO_KF_DN40,mount for cable feed-through SKINTOP MULTI-M Art. Nr.,,gold_export/parts/1961_mount_ISO_KF_DN40.step,matched_existing,part,Part__Feature153,1961_mount_ISO_KF_DN40,,1,,
379,1962,1,1962_feedthrough_SKINTOP MULTI-M,52220146,LAPP,gold_export/parts/1962_feedthrough_SKINTOP MULTI-M.step,matched_existing,vendor_component,Part__Feature154,1962_feedthrough_SKINTOP MULTI-M,,1,,
380,4122,2,4122_radial_shaft_seal_SKF_36X47X7 HMSA10 RG,SKF_36X47X7 HMSA10 RG,SKF,gold_export/parts/4122_radial_shaft_seal_SKF_36X47X7 HMSA10 RG.step,matched_existing,vendor_component,Part__Feature1705,4122_radial_shaft_seal_SKF_36X47X7 HMSA10 RG,,1,,
381,4123,6,4123_vacuum_rotary_feedthrough_PF224010-T,PF 224 010 -T,Pfeiffer Vacuum,gold_export/parts/4123_vacuum_rotary_feedthrough_PF224010-T.step,matched_existing,vendor_component,Part__Feature1706,4123_vacuum_rotary_feedthrough_PF224010-T,,1,,
382,4124,4,4124_clamp_ISO_KF_DN40,,Wissel GmbH,gold_export/parts/4124_clamp_ISO_KF_DN40.step,matched_existing,vendor_component,Part__Feature1707,4124_clamp_ISO_KF_DN40,,1,,
383,4125,1,4125_bearing_pedestal,,,gold_export/parts/4125_bearing_pedestal.step,matched_existing,part,Part__Feature1719,4125_bearing_pedestal,,1,,
384,4131,1,4131_bearing_pedestal,,,gold_export/parts/4131_bearing_pedestal.step,matched_existing,part,Part__Feature1720,4131_bearing_pedestal,,1,,
385,4141,1,4141_part_1,reduction with seal,,gold_export/parts/4141_part_1.step,matched_existing,part,Part__Feature1721,4141_part_1,,1,,
386,4142,1,4142_part_2,reduction with seal,,gold_export/parts/4142_part_2.step,matched_existing,part,Part__Feature1722,4142_part_2,,1,,
387,4143,1,4143_seal_FBL3002-K1,reduction with seal motor 80MPD1.300S000-01: part,Mink Bürsten,gold_export/parts/4143_seal_FBL3002-K1.step,matched_existing,vendor_component,Part__Feature1723,4143_seal_FBL3002-K1,,1,,
388,4153,1,4153_mount_part_1,,,gold_export/parts/4153_mount_part_1.step,matched_existing,part,Part__Feature1727,4153_mount_part_1,,1,,
389,4154,1,4154_mount_part_2,valve sv04_din_cc_dn40_-,,gold_export/parts/4154_mount_part_2.step,matched_existing,part,Part__Feature1728,4154_mount_part_2,,1,,
390,4162,1,4162_clamping_ring_ISO_KF_DN40_120BSR040,120BSR040,Pfeiffer Vacuum,gold_export/parts/4162_clamping_ring_ISO_KF_DN40_120BSR040.step,matched_existing,vendor_component,Part__Feature1735,4162_clamping_ring_ISO_KF_DN40_120BSR040,,1,,
391,4163,1,4163_seal_ISO_KF_DN40,,Wissel GmbH,gold_export/parts/4163_seal_ISO_KF_DN40.step,matched_existing,vendor_component,Part__Feature1737,4163_seal_ISO_KF_DN40,,1,,
392,4164,2,4164_powder_container_2_liter,,AMPROVED,gold_export/parts/4164_powder_container_2_liter.step,matched_existing,vendor_component,Part__Feature1740,4164_powder_container_2_liter,,1,,
393,4170,3,4170_powder_chute,,,gold_export/parts/4170_powder_chute.step,matched_existing,part,_4170_powder_chute,4170_powder_chute,,1,,
394,9111,8,9111_foot,,,gold_export/parts/9111_foot.step,matched_existing,part,Part__Feature2168,9111_foot,,1,,
395,9112,4,9112_base_plate_120x80x10_M20,,,gold_export/parts/9112_base_plate_120x80x10_M20.step,matched_existing,part,Part__Feature2169,9112_base_plate_120x80x10_M20,,1,,
396,41210,2,41210_bearing_SKF_61905-2RS1,SKF_61905-2RS1,SKF,gold_export/parts/41210_bearing_SKF_61905-2RS1.step,matched_existing,vendor_component,_41210_bearing_SKF_61905_2RS1,41210_bearing_SKF_61905-2RS1,,1,,
397,41511,1,41511_part_1,1 motor 80MPD1.300S000-01: part,B&R,gold_export/parts/41511_part_1.step,matched_existing,vendor_component,Part__Feature1724,41511_part_1,,1,,
398,41512,1,41512_part_2,2,B&R,gold_export/parts/41512_part_2.step,matched_existing,vendor_component,Part__Feature1725,41512_part_2,,1,,
399,41521,1,41521_gearbox,8GP40_060__016S2J2_1,B&R,gold_export/parts/41521_gearbox.step,matched_existing,vendor_component,Part__Feature1726,41521_gearbox,,1,,
400,41611,6,41611_valve_part_1,_aisi_316l-1_4404_-_epdm: part 1 valve sv04_din_cc_dn40_-,AMPROVED,gold_export/parts/41611_valve_part_1.step,matched_existing,vendor_component,Part__Feature1729,41611_valve_part_1,,1,,
401,41612,6,41612_valve_part_2,_aisi_316l-1_4404_-_epdm: part 2 valve sv04_din_cc_dn40_-,AMPROVED,gold_export/parts/41612_valve_part_2.step,matched_existing,vendor_component,Part__Feature1730,41612_valve_part_2,,1,,
402,41613,6,41613_valve_part_3,_aisi_316l-1_4404_-_epdm: part 3,AMPROVED,gold_export/parts/41613_valve_part_3.step,matched_existing,vendor_component,Part__Feature1731,41613_valve_part_3,,1,,
